P,时间路由类型,实际完整Global Semantic（英文）,实际完整Global Semantic（中文）,实际编码文本键,阶段Prompt选中的约束,同时进入Global守恒文本的couples约束,仅校验、未进入生成张量的约束,全部约束原始JSON（英文）,全部约束中文解释,参与空间控制的JSON,空间控制编译结果,没有原样作为Prompt使用的字段
P01,triggered,"[ENTITY INVENTORY] The closed scene contains scooter: exactly 1; trash can: exactly 1. The reference first frame fixes these identities and initial layout. [INITIAL STATE] gap=wide, pose=upright, motion=rolling_right. [PHYSICAL EVENT] The same black scooter crosses the gray street into the same black slatted trash can, then tilts and stops. [PERSISTENT PROTECTION] same black scooter identity and red cable detail; same black slatted metal trash can; trash can remains upright; gray street, curb, hedge, concrete wall, daylight, and static side camera remain unchanged. [CLOSED WORLD] No additional external source, extra copy, unlisted object enters or appears; unoccupied scene regions remain empty. [CONSERVATION] Source loss and result gain stay coupled: tracked logical entity slots remain consistent; sideways tilt grows while rightward displacement diminishes. No result appears from an undeclared external source. [TERMINAL STATE] The same logical entity slots persist without duplicates; gap=contact, pose=tilted_sideways, motion=stopped remains visible through the final frames.",[实体清单] 封闭场景包含 scooter：恰好 1 个；trash_can：恰好 1 个。参考首帧固定这些身份和初始布局。[初始状态] gap=wide、motion=rolling_right、pose=upright。[物理事件] 同一辆黑色踏板车横穿灰色街道，撞上同一个黑色条板式垃圾桶，随后侧倾并停止。[持续保护] 保持同一辆黑色踏板车的身份和红色线缆细节；保持同一个黑色条板式金属垃圾桶；垃圾桶保持直立；灰色街道、路缘、树篱、混凝土墙、日光和静止侧视相机保持不变。[封闭世界] 不允许新增外部来源、额外副本、未列出的物体进入或出现；未占用的场景区域保持为空。[守恒] 来源减少与结果增加保持耦合：被跟踪的逻辑实体槽位保持一致；侧向倾斜增大，同时向右位移减小。不允许任何结果由未声明的外部来源产生。[终止状态] 相同的逻辑实体槽位持续存在且没有重复副本；gap=contact、motion=stopped、pose=tilted_sideways 在最后几帧保持可见。,global_semantic; stage.completion.negative.0; stage.completion.positive; stage.evolution.negative.0; stage.evolution.positive; stage.onset.negative.0; stage.onset.positive; stage.setup.negative.0; stage.setup.positive; stage.terminal.negative.0; stage.terminal.negative.1; stage.terminal.positive; cfg_negative(空字符串),"setup→c1; onset→c1; evolution→c3; completion→c3; terminal→c4,c5",c3,c2,"c1: {""after"":""side_tilt"",""before"":""front_contact"",""id"":""c1"",""source_refs"":[""origin""],""type"":""precedes""}
c2: {""cause"":""front_contact"",""effect"":""side_tilt"",""id"":""c2"",""source_refs"":[""origin""],""type"":""requires""}
c3: {""effects"":[""side_tilt"",""rightward_stop""],""id"":""c3"",""relation"":""sideways tilt grows while rightward displacement diminishes"",""source_refs"":[""origin""],""type"":""couples""}
c4: {""facts"":[""pose=tilted_sideways"",""motion=stopped""],""id"":""c4"",""source_refs"":[""origin""],""state"":""z1"",""type"":""persists""}
c5: {""facts"":[""pose=upright"",""pose=tilted_sideways""],""id"":""c5"",""scope"":""same_time"",""source_refs"":[""origin""],""type"":""excludes""}","c1: 前置顺序：front_contact 必须先于 side_tilt。
c2: 因果依赖：side_tilt 只有在 front_contact 之后才能发生。
c3: 耦合约束：side_tilt, rightward_stop 必须共同变化；关系为“侧向倾斜增大，同时向右位移减小”。
c4: 持续约束：状态 z1 的事实 pose=tilted_sideways, motion=stopped 必须维持到最终帧。
c5: 互斥约束：事实 pose=upright, pose=tilted_sideways 不得在同一时间共存。",grounding.entity_boxes=2个; grounding.protected_boxes=0个; stages[].affected_roles; stages[].support_kind; predicates[].attribute; transitions[].effects[].direction/from/to,"mode=planned; source=plan_boxes_and_tracks; target_provenance={""scooter"":""derived_motion_envelope"",""trash_can"":""unresolved_static_envelope""}",stages[].positive; stages[].violations[].text; stages[].observable_check; predicates[].observable; events[].observable; source_refs; assumptions; warnings; generation_basis; source_files
P02,triggered,"[ENTITY INVENTORY] The closed scene contains red ball: exactly 1; blue ball: exactly 1. The reference first frame fixes these identities and initial layout. [INITIAL STATE] gap=wide, red_motion=rolling_right, blue_motion=stationary. [PHYSICAL EVENT] The glossy red ball crosses the green billiard cloth into the glossy blue ball and transfers motion on contact. [PERSISTENT PROTECTION] exactly one glossy red ball and one glossy blue ball; ball colors, size, and roundness remain unchanged; green billiard cloth, dark top rail, gray wall, lighting, and static camera remain unchanged. [CLOSED WORLD] No additional cue, cue stick, external source, extra ball, extra copy, hand, person, tool, unlisted object enters or appears; unoccupied scene regions remain empty. [CONSERVATION] Source loss and result gain stay coupled: tracked logical entity slots remain consistent; red rightward displacement decreases while blue rightward displacement begins. No result appears from an undeclared external source. [TERMINAL STATE] The same logical entity slots persist without duplicates; gap=contact, red_motion=slower_right, blue_motion=moving_right remains visible through the final frames.",[实体清单] 封闭场景包含 red_ball：恰好 1 个；blue_ball：恰好 1 个。参考首帧固定这些身份和初始布局。[初始状态] blue_motion=stationary、gap=wide、red_motion=rolling_right。[物理事件] 有光泽的红球穿过绿色台球桌布撞上有光泽的蓝球，并在接触时传递运动。[持续保护] 恰好一个有光泽的红球和一个有光泽的蓝球；球的颜色、大小和圆度保持不变；绿色台球布、深色顶边、灰墙、照明和静止相机保持不变。[封闭世界] 不允许新增台球杆、台球杆、外部来源、额外球体、额外副本、手、人物、工具、未列出的物体进入或出现；未占用的场景区域保持为空。[守恒] 来源减少与结果增加保持耦合：被跟踪的逻辑实体槽位保持一致；红球向右位移减小，同时蓝球开始向右位移。不允许任何结果由未声明的外部来源产生。[终止状态] 相同的逻辑实体槽位持续存在且没有重复副本；blue_motion=moving_right、gap=contact、red_motion=slower_right 在最后几帧保持可见。,global_semantic; stage.completion.negative.0; stage.completion.positive; stage.evolution.negative.0; stage.evolution.positive; stage.onset.negative.0; stage.onset.positive; stage.setup.negative.0; stage.setup.positive; stage.terminal.negative.0; stage.terminal.negative.1; stage.terminal.positive; cfg_negative(空字符串),"setup→c1; onset→c1; evolution→c3; completion→c3; terminal→c4,c5",c3,c2,"c1: {""after"":""blue_depart"",""before"":""boundary_contact"",""id"":""c1"",""source_refs"":[""origin""],""type"":""precedes""}
c2: {""cause"":""boundary_contact"",""effect"":""blue_depart"",""id"":""c2"",""source_refs"":[""origin""],""type"":""requires""}
c3: {""effects"":[""red_decelerate"",""blue_depart""],""id"":""c3"",""relation"":""red rightward displacement decreases while blue rightward displacement begins"",""source_refs"":[""origin""],""type"":""couples""}
c4: {""facts"":[""red_motion=slower_right"",""blue_motion=moving_right""],""id"":""c4"",""source_refs"":[""origin""],""state"":""z1"",""type"":""persists""}
c5: {""facts"":[""blue_motion=stationary"",""blue_motion=moving_right""],""id"":""c5"",""scope"":""same_time"",""source_refs"":[""origin""],""type"":""excludes""}","c1: 前置顺序：boundary_contact 必须先于 blue_depart。
c2: 因果依赖：blue_depart 只有在 boundary_contact 之后才能发生。
c3: 耦合约束：red_decelerate, blue_depart 必须共同变化；关系为“红球向右位移减小，同时蓝球开始向右位移”。
c4: 持续约束：状态 z1 的事实 red_motion=slower_right, blue_motion=moving_right 必须维持到最终帧。
c5: 互斥约束：事实 blue_motion=stationary, blue_motion=moving_right 不得在同一时间共存。",grounding.entity_boxes=2个; grounding.protected_boxes=0个; stages[].affected_roles; stages[].support_kind; predicates[].attribute; transitions[].effects[].direction/from/to,"mode=planned; source=plan_boxes_and_tracks; target_provenance={""blue_ball"":""derived_motion_envelope"",""red_ball"":""derived_motion_envelope""}",stages[].positive; stages[].violations[].text; stages[].observable_check; predicates[].observable; events[].observable; source_refs; assumptions; warnings; generation_basis; source_files
P03,triggered,"[ENTITY INVENTORY] The closed scene contains ball: exactly 1; racket: exactly 1. The reference first frame fixes these identities and initial layout. [INITIAL STATE] gap_state=right_separated, direction=leftward_toward_racket. [PHYSICAL EVENT] The yellow tennis ball crosses the dark green court leftward into the black-and-white racket and departs rightward after contact. [PERSISTENT PROTECTION] exactly one yellow tennis ball; same black racket frame, white strings, and white grip; dark green backdrop, blue strip, green court, lighting, and static camera remain unchanged. [CLOSED WORLD] No additional external source, extra copy, unlisted object enters or appears; unoccupied scene regions remain empty. [CONSERVATION] Source loss and result gain stay coupled: tracked logical entity slots remain consistent; rightward reversal accompanies reopening separation from the string bed. No result appears from an undeclared external source. [TERMINAL STATE] The same logical entity slots persist without duplicates; gap_state=right_departing, direction=rightward_away remains visible through the final frames.",[实体清单] 封闭场景包含 ball：恰好 1 个；racket：恰好 1 个。参考首帧固定这些身份和初始布局。[初始状态] direction=leftward_toward_racket、gap_state=right_separated。[物理事件] 黄色网球在深绿色球场上向左运动并撞上黑白球拍，接触后向右离开。[持续保护] 恰好一个黄色网球；保持同一黑色球拍框、白色拍弦和白色握把；深绿色背景、蓝色条带、绿色球场、照明和静止相机保持不变。[封闭世界] 不允许新增外部来源、额外副本、未列出的物体进入或出现；未占用的场景区域保持为空。[守恒] 来源减少与结果增加保持耦合：被跟踪的逻辑实体槽位保持一致；向右反向运动伴随与拍弦床重新拉开距离。不允许任何结果由未声明的外部来源产生。[终止状态] 相同的逻辑实体槽位持续存在且没有重复副本；direction=rightward_away、gap_state=right_departing 在最后几帧保持可见。,global_semantic; stage.completion.negative.0; stage.completion.positive; stage.evolution.negative.0; stage.evolution.positive; stage.onset.negative.0; stage.onset.positive; stage.setup.negative.0; stage.setup.positive; stage.terminal.negative.0; stage.terminal.negative.1; stage.terminal.positive; cfg_negative(空字符串),"setup→c1; onset→c1; evolution→c3; completion→c3; terminal→c4,c5",c3,c2,"c1: {""after"":""horizontal_reverse"",""before"":""string_contact"",""id"":""c1"",""source_refs"":[""origin""],""type"":""precedes""}
c2: {""cause"":""string_contact"",""effect"":""horizontal_reverse"",""id"":""c2"",""source_refs"":[""origin""],""type"":""requires""}
c3: {""effects"":[""court_gap_cycle"",""horizontal_reverse""],""id"":""c3"",""relation"":""rightward reversal accompanies reopening separation from the string bed"",""source_refs"":[""origin""],""type"":""couples""}
c4: {""facts"":[""gap_state=right_departing"",""direction=rightward_away""],""id"":""c4"",""source_refs"":[""origin""],""state"":""z1"",""type"":""persists""}
c5: {""facts"":[""direction=leftward_toward_racket"",""direction=rightward_away""],""id"":""c5"",""scope"":""same_time"",""source_refs"":[""origin""],""type"":""excludes""}","c1: 前置顺序：string_contact 必须先于 horizontal_reverse。
c2: 因果依赖：horizontal_reverse 只有在 string_contact 之后才能发生。
c3: 耦合约束：court_gap_cycle, horizontal_reverse 必须共同变化；关系为“向右反向运动伴随与拍弦床重新拉开距离”。
c4: 持续约束：状态 z1 的事实 gap_state=right_departing, direction=rightward_away 必须维持到最终帧。
c5: 互斥约束：事实 direction=leftward_toward_racket, direction=rightward_away 不得在同一时间共存。",grounding.entity_boxes=2个; grounding.protected_boxes=0个; stages[].affected_roles; stages[].support_kind; predicates[].attribute; transitions[].effects[].direction/from/to,"mode=planned; source=plan_boxes_and_tracks; target_provenance={""ball"":""derived_motion_envelope"",""racket"":""unresolved_static_envelope""}",stages[].positive; stages[].violations[].text; stages[].observable_check; predicates[].observable; events[].observable; source_refs; assumptions; warnings; generation_basis; source_files
P04,triggered,"[ENTITY INVENTORY] The closed scene contains first domino: exactly 1; remaining row: one declared collective group. The reference first frame fixes these identities and initial layout. [INITIAL STATE] first_pose=upright, row_progress=upright_regular_row. [PHYSICAL EVENT] The pale wooden domino row on the beige floor falls from its near-left first domino toward the far-right end. [PERSISTENT PROTECTION] single straight row with the pictured regular spacing; pale wooden material and rectangular piece identity remain stable; beige floor, plain wall, lighting, perspective, and static camera remain unchanged. [CLOSED WORLD] No additional external source, extra copy, hand, person, tool, unlisted object enters or appears; unoccupied scene regions remain empty. [CONSERVATION] Source loss and result gain stay coupled: tracked logical entity slots remain consistent; near-left fall launches a rightward adjacent-contact front. No result appears from an undeclared external source. [TERMINAL STATE] The same logical entity slots persist without duplicates; first_pose=fallen_rightward, row_progress=fallen_row remains visible through the final frames.",[实体清单] 封闭场景包含 first_domino：恰好 1 个；remaining_row：一个已声明的集合组。参考首帧固定这些身份和初始布局。[初始状态] first_pose=upright、row_progress=upright_regular_row。[物理事件] 米色地面上的浅色木质多米诺骨牌列，从左近端第一块开始向最右端依次倒下。[持续保护] 保持图示规则间距的单一直线骨牌列；浅色木质材质和长方形骨牌身份保持稳定；米色地面、纯色墙、照明、透视和静止相机保持不变。[封闭世界] 不允许新增外部来源、额外副本、手、人物、工具、未列出的物体进入或出现；未占用的场景区域保持为空。[守恒] 来源减少与结果增加保持耦合：被跟踪的逻辑实体槽位保持一致；左近端骨牌倒下会启动向右传播的相邻接触前沿。不允许任何结果由未声明的外部来源产生。[终止状态] 相同的逻辑实体槽位持续存在且没有重复副本；first_pose=fallen_rightward、row_progress=fallen_row 在最后几帧保持可见。,global_semantic; stage.completion.negative.0; stage.completion.positive; stage.evolution.negative.0; stage.evolution.positive; stage.onset.negative.0; stage.onset.positive; stage.setup.negative.0; stage.setup.positive; stage.terminal.negative.0; stage.terminal.negative.1; stage.terminal.positive; cfg_negative(空字符串),"setup→c1; onset→c1; evolution→c3; completion→c3; terminal→c4,c5",c3,c2,"c1: {""after"":""rightward_front"",""before"":""left_contact"",""id"":""c1"",""source_refs"":[""origin""],""type"":""precedes""}
c2: {""cause"":""left_contact"",""effect"":""rightward_front"",""id"":""c2"",""source_refs"":[""origin""],""type"":""requires""}
c3: {""effects"":[""left_first_fall"",""rightward_front""],""id"":""c3"",""relation"":""near-left fall launches a rightward adjacent-contact front"",""source_refs"":[""origin""],""type"":""couples""}
c4: {""facts"":[""first_pose=fallen_rightward"",""row_progress=fallen_row""],""id"":""c4"",""source_refs"":[""origin""],""state"":""z1"",""type"":""persists""}
c5: {""facts"":[""row_progress=upright_regular_row"",""row_progress=fallen_row""],""id"":""c5"",""scope"":""same_time"",""source_refs"":[""origin""],""type"":""excludes""}","c1: 前置顺序：left_contact 必须先于 rightward_front。
c2: 因果依赖：rightward_front 只有在 left_contact 之后才能发生。
c3: 耦合约束：left_first_fall, rightward_front 必须共同变化；关系为“左近端骨牌倒下会启动向右传播的相邻接触前沿”。
c4: 持续约束：状态 z1 的事实 first_pose=fallen_rightward, row_progress=fallen_row 必须维持到最终帧。
c5: 互斥约束：事实 row_progress=upright_regular_row, row_progress=fallen_row 不得在同一时间共存。",grounding.entity_boxes=2个; grounding.protected_boxes=0个; stages[].affected_roles; stages[].support_kind; predicates[].attribute; transitions[].effects[].direction/from/to,"mode=planned; source=plan_boxes_and_tracks; target_provenance={""first_domino"":""derived_motion_envelope"",""remaining_row"":""derived_motion_envelope""}",stages[].positive; stages[].violations[].text; stages[].observable_check; predicates[].observable; events[].observable; source_refs; assumptions; warnings; generation_basis; source_files
P05,multi_transition,"[ENTITY INVENTORY] The closed scene contains block: exactly 1; ramp: exactly 1; rough floor: one declared collective group. The reference first frame fixes these identities and initial layout. [INITIAL STATE] location=upper_left_ramp, motion=still. [PHYSICAL EVENT] The small light-wood block slides down the light-wood wedge ramp onto the rough gray floor and stops. [PERSISTENT PROTECTION] same small rectangular light-wood block; light-wood wedge geometry and narrow ramp tip remain fixed; rough gray floor, pale wall, lighting, and static side camera remain unchanged. [CLOSED WORLD] No additional external source, extra copy, unlisted object enters or appears; unoccupied scene regions remain empty. [CONSERVATION] Source loss and result gain stay coupled: tracked logical entity slots remain consistent. No result appears from an undeclared external source. [TERMINAL STATE] The same logical entity slots persist without duplicates; location=right_gray_floor, motion=stopped remains visible through the final frames.",[实体清单] 封闭场景包含 block：恰好 1 个；ramp：恰好 1 个；rough_floor：一个已声明的集合组。参考首帧固定这些身份和初始布局。[初始状态] location=upper_left_ramp、motion=still。[物理事件] 小块浅色木块沿浅色木质楔形斜坡滑下，进入粗糙的灰色地面并停止。[持续保护] 保持同一小型长方形浅色木块；浅色木质楔形几何和狭窄斜坡尖端保持固定；粗糙灰色地面、浅色墙、照明和静止侧视相机保持不变。[封闭世界] 不允许新增外部来源、额外副本、未列出的物体进入或出现；未占用的场景区域保持为空。[守恒] 来源减少与结果增加保持耦合：被跟踪的逻辑实体槽位保持一致。不允许任何结果由未声明的外部来源产生。[终止状态] 相同的逻辑实体槽位持续存在且没有重复副本；location=right_gray_floor、motion=stopped 在最后几帧保持可见。,global_semantic; stage.completion.negative.0; stage.completion.positive; stage.evolution.negative.0; stage.evolution.positive; stage.onset.negative.0; stage.onset.positive; stage.setup.negative.0; stage.setup.positive; stage.terminal.negative.0; stage.terminal.negative.1; stage.terminal.positive; cfg_negative(空字符串),"setup→c1; onset→c1; evolution→c2; completion→c5; terminal→c6,c7",无,"c3,c4","c1: {""after"":""pictured_descent"",""before"":""first_slide"",""id"":""c1"",""source_refs"":[""origin""],""type"":""precedes""}
c2: {""effect"":""pictured_descent"",""id"":""c2"",""source_refs"":[""origin""],""transition"":""e1"",""type"":""changes""}
c3: {""after"":""gray_floor_stop"",""before"":""edge_crossing"",""id"":""c3"",""source_refs"":[""origin""],""type"":""precedes""}
c4: {""cause"":""edge_crossing"",""effect"":""gray_floor_stop"",""id"":""c4"",""source_refs"":[""origin""],""type"":""requires""}
c5: {""effect"":""gray_floor_stop"",""id"":""c5"",""source_refs"":[""origin""],""transition"":""e2"",""type"":""changes""}
c6: {""facts"":[""location=right_gray_floor"",""motion=stopped""],""id"":""c6"",""source_refs"":[""origin""],""state"":""z2"",""type"":""persists""}
c7: {""facts"":[""motion=sliding"",""motion=stopped""],""id"":""c7"",""scope"":""same_time"",""source_refs"":[""origin""],""type"":""excludes""}","c1: 前置顺序：first_slide 必须先于 pictured_descent。
c2: 方向变化：转移 e1 中的效果 pictured_descent 必须按声明方向发生。
c3: 前置顺序：edge_crossing 必须先于 gray_floor_stop。
c4: 因果依赖：gray_floor_stop 只有在 edge_crossing 之后才能发生。
c5: 方向变化：转移 e2 中的效果 gray_floor_stop 必须按声明方向发生。
c6: 持续约束：状态 z2 的事实 location=right_gray_floor, motion=stopped 必须维持到最终帧。
c7: 互斥约束：事实 motion=sliding, motion=stopped 不得在同一时间共存。",grounding.entity_boxes=3个; grounding.protected_boxes=0个; stages[].affected_roles; stages[].support_kind; predicates[].attribute; transitions[].effects[].direction/from/to,"mode=planned; source=plan_boxes_and_tracks; target_provenance={""block"":""derived_motion_envelope"",""ramp"":""unresolved_static_envelope"",""rough_floor"":""unresolved_static_envelope""}",stages[].positive; stages[].violations[].text; stages[].observable_check; predicates[].observable; events[].observable; source_refs; assumptions; warnings; generation_basis; source_files
P06,multi_transition,"[ENTITY INVENTORY] The closed scene contains book: exactly 1; shelf: exactly 1; floor: one declared collective group. The reference first frame fixes these identities and initial layout. [INITIAL STATE] position=left_shelf, support=wood_shelf_supported, book_state=closed. [PHYSICAL EVENT] The blue-edged closed book leaves the left wooden shelf, falls through the open wall space, and lands open on the wood floor. [PERSISTENT PROTECTION] same cream pages and dark blue cover edges; left wooden shelf and vertical support remain fixed; pale wall, white baseboard, wood-plank floor, lighting, and static side camera remain unchanged. [CLOSED WORLD] No additional external source, extra copy, hand, person, tool, unlisted object enters or appears; unoccupied scene regions remain empty. [CONSERVATION] Source loss and result gain stay coupled: tracked logical entity slots remain consistent. No result appears from an undeclared external source. [TERMINAL STATE] The same logical entity slots persist without duplicates; position=wood_floor, support=floor_supported, book_state=open remains visible through the final frames.",[实体清单] 封闭场景包含 book：恰好 1 个；shelf：恰好 1 个；floor：一个已声明的集合组。参考首帧固定这些身份和初始布局。[初始状态] book_state=closed、position=left_shelf、support=wood_shelf_supported。[物理事件] 蓝边合拢的书离开左侧木架，穿过墙前的开放空间下落，并以打开状态落在木地板上。[持续保护] 保持同样的奶油色书页和深蓝色封面边缘；左侧木架和竖直支撑保持固定；浅色墙、白色踢脚线、木板地面、照明和静止侧视相机保持不变。[封闭世界] 不允许新增外部来源、额外副本、手、人物、工具、未列出的物体进入或出现；未占用的场景区域保持为空。[守恒] 来源减少与结果增加保持耦合：被跟踪的逻辑实体槽位保持一致。不允许任何结果由未声明的外部来源产生。[终止状态] 相同的逻辑实体槽位持续存在且没有重复副本；book_state=open、position=wood_floor、support=floor_supported 在最后几帧保持可见。,global_semantic; stage.completion.negative.0; stage.completion.positive; stage.evolution.negative.0; stage.evolution.positive; stage.onset.negative.0; stage.onset.positive; stage.setup.negative.0; stage.setup.positive; stage.terminal.negative.0; stage.terminal.negative.1; stage.terminal.positive; cfg_negative(空字符串),"setup→c1; onset→c1; evolution→c5; completion→c6; terminal→c7,c8",无,"c2,c3,c4","c1: {""after"":""wall_corridor_fall"",""before"":""pictured_edge_crossing"",""id"":""c1"",""source_refs"":[""origin""],""type"":""precedes""}
c2: {""cause"":""pictured_edge_crossing"",""effect"":""wall_corridor_fall"",""id"":""c2"",""source_refs"":[""origin""],""type"":""requires""}
c3: {""after"":""blue_cover_open"",""before"":""pictured_floor_contact"",""id"":""c3"",""source_refs"":[""origin""],""type"":""precedes""}
c4: {""cause"":""pictured_floor_contact"",""effect"":""blue_cover_open"",""id"":""c4"",""source_refs"":[""origin""],""type"":""requires""}
c5: {""effect"":""wall_corridor_fall"",""id"":""c5"",""source_refs"":[""origin""],""transition"":""e1"",""type"":""changes""}
c6: {""effect"":""blue_cover_open"",""id"":""c6"",""source_refs"":[""origin""],""transition"":""e2"",""type"":""changes""}
c7: {""facts"":[""position=wood_floor"",""book_state=open""],""id"":""c7"",""source_refs"":[""origin""],""state"":""z2"",""type"":""persists""}
c8: {""facts"":[""book_state=closed"",""book_state=open""],""id"":""c8"",""scope"":""same_time"",""source_refs"":[""origin""],""type"":""excludes""}","c1: 前置顺序：pictured_edge_crossing 必须先于 wall_corridor_fall。
c2: 因果依赖：wall_corridor_fall 只有在 pictured_edge_crossing 之后才能发生。
c3: 前置顺序：pictured_floor_contact 必须先于 blue_cover_open。
c4: 因果依赖：blue_cover_open 只有在 pictured_floor_contact 之后才能发生。
c5: 方向变化：转移 e1 中的效果 wall_corridor_fall 必须按声明方向发生。
c6: 方向变化：转移 e2 中的效果 blue_cover_open 必须按声明方向发生。
c7: 持续约束：状态 z2 的事实 position=wood_floor, book_state=open 必须维持到最终帧。
c8: 互斥约束：事实 book_state=closed, book_state=open 不得在同一时间共存。",grounding.entity_boxes=3个; grounding.protected_boxes=0个; stages[].affected_roles; stages[].support_kind; predicates[].attribute; transitions[].effects[].direction/from/to,"mode=planned; source=plan_boxes_and_tracks; target_provenance={""book"":""derived_motion_envelope"",""floor"":""unresolved_static_envelope"",""shelf"":""unresolved_static_envelope""}",stages[].positive; stages[].violations[].text; stages[].observable_check; predicates[].observable; events[].observable; source_refs; assumptions; warnings; generation_basis; source_files
P07,triggered,"[ENTITY INVENTORY] The closed scene contains box: exactly 1; floor: one declared collective group. The reference first frame fixes these identities and initial layout. [INITIAL STATE] corner_state=centered_support, pose=vertical. [PHYSICAL EVENT] The centered tall tan cardboard box shifts at one lower corner, tips across the gray floor, and remains on its side. [PERSISTENT PROTECTION] same tall tan cardboard surface and rectangular proportions; smooth gray floor, white wall, baseboard, lighting, and static frontal camera remain unchanged; no pulling hand or tool is added. [CLOSED WORLD] No additional external source, extra copy, unlisted object enters or appears; unoccupied scene regions remain empty. [CONSERVATION] Source loss and result gain stay coupled: tracked logical entity slots remain consistent; bottom shift is followed by increasing rotation toward floor. No result appears from an undeclared external source. [TERMINAL STATE] The same logical entity slots persist without duplicates; corner_state=shifted_sideways, pose=horizontal_side_supported remains visible through the final frames.",[实体清单] 封闭场景包含 box：恰好 1 个；floor：一个已声明的集合组。参考首帧固定这些身份和初始布局。[初始状态] corner_state=centered_support、pose=vertical。[物理事件] 居中的高大棕褐色纸箱从一个底角开始偏移，在灰色地面上倾倒，并保持侧躺。[持续保护] 保持同一高大棕褐色纸板表面和长方形比例；光滑灰色地面、白墙、踢脚线、照明和静止正视相机保持不变；不添加拉拽的手或工具。[封闭世界] 不允许新增外部来源、额外副本、未列出的物体进入或出现；未占用的场景区域保持为空。[守恒] 来源减少与结果增加保持耦合：被跟踪的逻辑实体槽位保持一致；底部偏移之后，朝地面的旋转逐渐增大。不允许任何结果由未声明的外部来源产生。[终止状态] 相同的逻辑实体槽位持续存在且没有重复副本；corner_state=shifted_sideways、pose=horizontal_side_supported 在最后几帧保持可见。,global_semantic; stage.completion.negative.0; stage.completion.positive; stage.evolution.negative.0; stage.evolution.positive; stage.onset.negative.0; stage.onset.positive; stage.setup.negative.0; stage.setup.positive; stage.terminal.negative.0; stage.terminal.negative.1; stage.terminal.positive; cfg_negative(空字符串),"setup→c1; onset→c1; evolution→c3; completion→c3; terminal→c4,c5",c3,c2,"c1: {""after"":""tan_box_tip"",""before"":""pictured_corner_shift"",""id"":""c1"",""source_refs"":[""origin""],""type"":""precedes""}
c2: {""cause"":""pictured_corner_shift"",""effect"":""tan_box_tip"",""id"":""c2"",""source_refs"":[""origin""],""type"":""requires""}
c3: {""effects"":[""bottom_shift"",""tan_box_tip""],""id"":""c3"",""relation"":""bottom shift is followed by increasing rotation toward floor"",""source_refs"":[""origin""],""type"":""couples""}
c4: {""facts"":[""pose=horizontal_side_supported""],""id"":""c4"",""source_refs"":[""origin""],""state"":""z1"",""type"":""persists""}
c5: {""facts"":[""pose=vertical"",""pose=horizontal_side_supported""],""id"":""c5"",""scope"":""same_time"",""source_refs"":[""origin""],""type"":""excludes""}","c1: 前置顺序：pictured_corner_shift 必须先于 tan_box_tip。
c2: 因果依赖：tan_box_tip 只有在 pictured_corner_shift 之后才能发生。
c3: 耦合约束：bottom_shift, tan_box_tip 必须共同变化；关系为“底部偏移之后，朝地面的旋转逐渐增大”。
c4: 持续约束：状态 z1 的事实 pose=horizontal_side_supported 必须维持到最终帧。
c5: 互斥约束：事实 pose=vertical, pose=horizontal_side_supported 不得在同一时间共存。",grounding.entity_boxes=2个; grounding.protected_boxes=0个; stages[].affected_roles; stages[].support_kind; predicates[].attribute; transitions[].effects[].direction/from/to,"mode=planned; source=plan_boxes_and_tracks; target_provenance={""box"":""unresolved_static_envelope"",""floor"":""unresolved_static_envelope""}",stages[].positive; stages[].violations[].text; stages[].observable_check; predicates[].observable; events[].observable; source_refs; assumptions; warnings; generation_basis; source_files
P08,continuous,"[ENTITY INVENTORY] The closed scene contains ice: exactly 1; meltwater: exactly 1; plate: exactly 1. The reference first frame fixes these identities and initial layout. [INITIAL STATE] ice_size=large_sharp_cube, water_area=absent_or_tiny. [PHYSICAL EVENT] The single clear cubic ice piece centered on the large white plate shrinks as a transparent puddle spreads around it. [PERSISTENT PROTECTION] exactly one clear ice piece; same large shallow white plate and centered placement; wood tabletop, warm lighting, three-quarter camera, and plate position remain unchanged. [CLOSED WORLD] No additional dropper, external liquid stream, external source, extra copy, hand, person, pipette, tool, unlisted object enters or appears; unoccupied scene regions remain empty. [CONSERVATION] Source loss and result gain stay coupled: tracked logical entity slots remain consistent; centered clear solid shrinks as transparent plate footprint grows. No result appears from an undeclared external source. [TERMINAL STATE] The same logical entity slots persist without duplicates; ice_size=smaller_receded_ice, water_area=wide_puddle remains visible through the final frames.",[实体清单] 封闭场景包含 ice：恰好 1 个；meltwater：恰好 1 个；plate：恰好 1 个。参考首帧固定这些身份和初始布局。[初始状态] ice_size=large_sharp_cube、water_area=absent_or_tiny。[物理事件] 大白盘中央的单个透明立方体冰块缩小，同时其周围的透明水洼扩散。[持续保护] 恰好一个透明冰块；保持同一大号浅白盘及居中位置；木桌面、暖色照明、四分之三视角相机和盘子位置保持不变。[封闭世界] 不允许新增滴管、外部液流、外部来源、额外副本、手、人物、移液管、工具、未列出的物体进入或出现；未占用的场景区域保持为空。[守恒] 来源减少与结果增加保持耦合：被跟踪的逻辑实体槽位保持一致；中央透明固体缩小，同时盘上的透明覆盖区增大。不允许任何结果由未声明的外部来源产生。[终止状态] 相同的逻辑实体槽位持续存在且没有重复副本；ice_size=smaller_receded_ice、water_area=wide_puddle 在最后几帧保持可见。,global_semantic; stage.completion.negative.0; stage.completion.positive; stage.evolution.negative.0; stage.evolution.positive; stage.onset.negative.0; stage.onset.positive; stage.setup.negative.0; stage.setup.positive; stage.terminal.negative.0; stage.terminal.negative.1; stage.terminal.positive; cfg_negative(空字符串),"setup→c1; onset→c1; evolution→c2; completion→c2; terminal→c4,c5",c3,无,"c1: {""after"":""white_plate_puddle"",""before"":""pictured_first_melt"",""id"":""c1"",""source_refs"":[""origin""],""type"":""precedes""}
c2: {""effect"":""pictured_ice_recede"",""id"":""c2"",""source_refs"":[""origin""],""transition"":""e1"",""type"":""changes""}
c3: {""effects"":[""pictured_ice_recede"",""white_plate_puddle""],""id"":""c3"",""relation"":""centered clear solid shrinks as transparent plate footprint grows"",""source_refs"":[""origin""],""type"":""couples""}
c4: {""facts"":[""ice_size=smaller_receded_ice"",""water_area=wide_puddle""],""id"":""c4"",""source_refs"":[""origin""],""state"":""z1"",""type"":""persists""}
c5: {""facts"":[""ice_size=large_sharp_cube"",""ice_size=smaller_receded_ice""],""id"":""c5"",""scope"":""same_time"",""source_refs"":[""origin""],""type"":""excludes""}","c1: 前置顺序：pictured_first_melt 必须先于 white_plate_puddle。
c2: 方向变化：转移 e1 中的效果 pictured_ice_recede 必须按声明方向发生。
c3: 耦合约束：pictured_ice_recede, white_plate_puddle 必须共同变化；关系为“中央透明固体缩小，同时盘上的透明覆盖区增大”。
c4: 持续约束：状态 z1 的事实 ice_size=smaller_receded_ice, water_area=wide_puddle 必须维持到最终帧。
c5: 互斥约束：事实 ice_size=large_sharp_cube, ice_size=smaller_receded_ice 不得在同一时间共存。",grounding.entity_boxes=2个; grounding.protected_boxes=0个; stages[].affected_roles; stages[].support_kind; predicates[].attribute; transitions[].effects[].direction/from/to,"mode=planned; source=plan_boxes_and_tracks; target_provenance={""ice"":""unresolved_static_envelope"",""plate"":""derived_motion_envelope""}",stages[].positive; stages[].violations[].text; stages[].observable_check; predicates[].observable; events[].observable; source_refs; assumptions; warnings; generation_basis; source_files
P09,continuous,"[ENTITY INVENTORY] The closed scene contains butter: exactly 1; liquid butter: one declared collective group; pan: exactly 1. The reference first frame fixes these identities and initial layout. [INITIAL STATE] edge_shape=sharp_rectangular, footprint=small_rectangle. [PHYSICAL EVENT] The pale-yellow rectangular butter pat near the center of the stainless pan rounds, recedes, and spreads into a yellow liquid pool. [PERSISTENT PROTECTION] same pale-yellow butter material; same large stainless pan, rim, rivets, and handle; black stovetop, lighting, close three-quarter camera, and pan position remain unchanged. [CLOSED WORLD] No additional dropper, external liquid stream, external source, extra copy, pipette, unlisted object enters or appears; unoccupied scene regions remain empty. [CONSERVATION] Source loss and result gain stay coupled: tracked logical entity slots remain consistent; pale solid rounds and lowers while yellow pan footprint expands. No result appears from an undeclared external source. [TERMINAL STATE] The same logical entity slots persist without duplicates; edge_shape=rounded_receded, footprint=broad_liquid_pool remains visible through the final frames.",[实体清单] 封闭场景包含 butter：恰好 1 个；liquid_butter：一个已声明的集合组；pan：恰好 1 个。参考首帧固定这些身份和初始布局。[初始状态] edge_shape=sharp_rectangular、footprint=small_rectangle。[物理事件] 不锈钢平底锅中央附近的浅黄色长方形黄油块逐渐变圆、退缩，并摊开成黄色液体池。[持续保护] 保持同一浅黄色黄油材质；保持同一大型不锈钢锅、锅沿、铆钉和手柄；黑色炉面、照明、近距离四分之三视角相机和锅的位置保持不变。[封闭世界] 不允许新增滴管、外部液流、外部来源、额外副本、移液管、未列出的物体进入或出现；未占用的场景区域保持为空。[守恒] 来源减少与结果增加保持耦合：被跟踪的逻辑实体槽位保持一致；浅色固体变圆并降低，同时锅中的黄色覆盖区扩大。不允许任何结果由未声明的外部来源产生。[终止状态] 相同的逻辑实体槽位持续存在且没有重复副本；edge_shape=rounded_receded、footprint=broad_liquid_pool 在最后几帧保持可见。,global_semantic; stage.completion.negative.0; stage.completion.positive; stage.evolution.negative.0; stage.evolution.positive; stage.onset.negative.0; stage.onset.positive; stage.setup.negative.0; stage.setup.positive; stage.terminal.negative.0; stage.terminal.negative.1; stage.terminal.positive; cfg_negative(空字符串),"setup→c1; onset→c1; evolution→c2; completion→c2; terminal→c4,c5",c3,无,"c1: {""after"":""steel_pan_spread"",""before"":""pictured_softening"",""id"":""c1"",""source_refs"":[""origin""],""type"":""precedes""}
c2: {""effect"":""pictured_edges_round"",""id"":""c2"",""source_refs"":[""origin""],""transition"":""e1"",""type"":""changes""}
c3: {""effects"":[""pictured_edges_round"",""steel_pan_spread""],""id"":""c3"",""relation"":""pale solid rounds and lowers while yellow pan footprint expands"",""source_refs"":[""origin""],""type"":""couples""}
c4: {""facts"":[""edge_shape=rounded_receded"",""footprint=broad_liquid_pool""],""id"":""c4"",""source_refs"":[""origin""],""state"":""z1"",""type"":""persists""}
c5: {""facts"":[""footprint=small_rectangle"",""footprint=broad_liquid_pool""],""id"":""c5"",""scope"":""same_time"",""source_refs"":[""origin""],""type"":""excludes""}","c1: 前置顺序：pictured_softening 必须先于 steel_pan_spread。
c2: 方向变化：转移 e1 中的效果 pictured_edges_round 必须按声明方向发生。
c3: 耦合约束：pictured_edges_round, steel_pan_spread 必须共同变化；关系为“浅色固体变圆并降低，同时锅中的黄色覆盖区扩大”。
c4: 持续约束：状态 z1 的事实 edge_shape=rounded_receded, footprint=broad_liquid_pool 必须维持到最终帧。
c5: 互斥约束：事实 footprint=small_rectangle, footprint=broad_liquid_pool 不得在同一时间共存。",grounding.entity_boxes=2个; grounding.protected_boxes=0个; stages[].affected_roles; stages[].support_kind; predicates[].attribute; transitions[].effects[].direction/from/to,"mode=planned; source=plan_boxes_and_tracks; target_provenance={""butter"":""unresolved_static_envelope"",""pan"":""derived_motion_envelope""}",stages[].positive; stages[].violations[].text; stages[].observable_check; predicates[].observable; events[].observable; source_refs; assumptions; warnings; generation_basis; source_files
P10,multi_transition,"[ENTITY INVENTORY] The closed scene contains balloon: exactly 1. The reference first frame fixes these identities and initial layout. [INITIAL STATE] size=small_pear_shape, surface=wrinkled_loose, integrity=intact. [PHYSICAL EVENT] The single small tied green rubber balloon centered on the plain background inflates, bursts, and leaves green collapsed fragments in place. [PERSISTENT PROTECTION] same green rubber color through balloon and fragments; same tied-neck material identity; plain pale background, soft shadow, lighting, central location, and static camera remain unchanged; no inflation tool or person is added. [CLOSED WORLD] No additional external source, extra copy, hand, person, tool, unlisted object enters or appears; unoccupied scene regions remain empty. [CONSERVATION] Source loss and result gain stay coupled: tracked logical entity slots remain consistent. No result appears from an undeclared external source. [TERMINAL STATE] The same logical entity slots persist without duplicates; size=collapsed_green_pieces, surface=deflated, integrity=ruptured_fragments remains visible through the final frames.",[实体清单] 封闭场景包含 balloon：恰好 1 个。参考首帧固定这些身份和初始布局。[初始状态] integrity=intact、size=small_pear_shape、surface=wrinkled_loose。[物理事件] 纯色背景中央的单个小型系结绿色橡胶气球膨胀、爆裂，并在原处留下瘪塌的绿色碎片。[持续保护] 从气球到碎片均保持同一绿色橡胶颜色；保持同一系结颈部的材质身份；纯浅色背景、柔和阴影、照明、中央位置和静止相机保持不变；不添加充气工具或人物。[封闭世界] 不允许新增外部来源、额外副本、手、人物、工具、未列出的物体进入或出现；未占用的场景区域保持为空。[守恒] 来源减少与结果增加保持耦合：被跟踪的逻辑实体槽位保持一致。不允许任何结果由未声明的外部来源产生。[终止状态] 相同的逻辑实体槽位持续存在且没有重复副本；integrity=ruptured_fragments、size=collapsed_green_pieces、surface=deflated 在最后几帧保持可见。,global_semantic; stage.completion.negative.0; stage.completion.positive; stage.evolution.negative.0; stage.evolution.positive; stage.onset.negative.0; stage.onset.positive; stage.setup.negative.0; stage.setup.positive; stage.terminal.negative.0; stage.terminal.negative.1; stage.terminal.positive; cfg_negative(空字符串),"setup→c1; onset→c1; evolution→c2; completion→c5; terminal→c6,c7",无,"c3,c4","c1: {""after"":""green_inflate"",""before"":""green_expansion_onset"",""id"":""c1"",""source_refs"":[""origin""],""type"":""precedes""}
c2: {""effect"":""green_inflate"",""id"":""c2"",""source_refs"":[""origin""],""transition"":""e1"",""type"":""changes""}
c3: {""after"":""green_rupture"",""before"":""green_burst"",""id"":""c3"",""source_refs"":[""origin""],""type"":""precedes""}
c4: {""cause"":""green_burst"",""effect"":""green_rupture"",""id"":""c4"",""source_refs"":[""origin""],""type"":""requires""}
c5: {""effect"":""green_rupture"",""id"":""c5"",""source_refs"":[""origin""],""transition"":""e2"",""type"":""changes""}
c6: {""facts"":[""size=collapsed_green_pieces"",""integrity=ruptured_fragments""],""id"":""c6"",""source_refs"":[""origin""],""state"":""z2"",""type"":""persists""}
c7: {""facts"":[""integrity=intact"",""integrity=ruptured_fragments""],""id"":""c7"",""scope"":""same_time"",""source_refs"":[""origin""],""type"":""excludes""}","c1: 前置顺序：green_expansion_onset 必须先于 green_inflate。
c2: 方向变化：转移 e1 中的效果 green_inflate 必须按声明方向发生。
c3: 前置顺序：green_burst 必须先于 green_rupture。
c4: 因果依赖：green_rupture 只有在 green_burst 之后才能发生。
c5: 方向变化：转移 e2 中的效果 green_rupture 必须按声明方向发生。
c6: 持续约束：状态 z2 的事实 size=collapsed_green_pieces, integrity=ruptured_fragments 必须维持到最终帧。
c7: 互斥约束：事实 integrity=intact, integrity=ruptured_fragments 不得在同一时间共存。",grounding.entity_boxes=1个; grounding.protected_boxes=0个; stages[].affected_roles; stages[].support_kind; predicates[].attribute; transitions[].effects[].direction/from/to,"mode=planned; source=plan_boxes_and_tracks; target_provenance={""balloon"":""derived_motion_envelope""}",stages[].positive; stages[].violations[].text; stages[].observable_check; predicates[].observable; events[].observable; source_refs; assumptions; warnings; generation_basis; source_files
P11,triggered,"[ENTITY INVENTORY] The closed scene contains bottle: exactly 1; tile floor: one declared collective group. The reference first frame fixes these identities and initial layout. [INITIAL STATE] position=upper_left_support, integrity=intact_horizontal_bottle, configuration=single_bottle. [PHYSICAL EVENT] The clear horizontal bottle leaves the upper-left beige support, falls across the pale wall, and shatters on the beige tile floor. [PERSISTENT PROTECTION] same clear colorless glass material; upper-left beige support and vertical leg remain fixed; beige tile grid, pale wall, baseboard, lighting, and static camera remain unchanged; no release hand or tool is added. [CLOSED WORLD] No additional external source, extra copy, hand, person, tool, unlisted object enters or appears; unoccupied scene regions remain empty. [CONSERVATION] Source loss and result gain stay coupled: tracked logical entity slots remain consistent; beige-tile arrival produces clear fracture and local spread. No result appears from an undeclared external source. [TERMINAL STATE] The same logical entity slots persist without duplicates; position=beige_tile, integrity=fractured_clear_glass, configuration=scattered_floor_fragments remains visible through the final frames.",[实体清单] 封闭场景包含 bottle：恰好 1 个；tile_floor：一个已声明的集合组。参考首帧固定这些身份和初始布局。[初始状态] configuration=single_bottle、integrity=intact_horizontal_bottle、position=upper_left_support。[物理事件] 水平放置的透明瓶子离开左上方米色支撑，沿浅色墙面前方下落，并在米色瓷砖地面上摔碎。[持续保护] 保持同一透明无色玻璃材质；左上方米色支撑及其竖直支腿保持固定；米色瓷砖网格、浅色墙、踢脚线、照明和静止相机保持不变；不添加用于释放瓶子的手或工具。[封闭世界] 不允许新增外部来源、额外副本、手、人物、工具、未列出的物体进入或出现；未占用的场景区域保持为空。[守恒] 来源减少与结果增加保持耦合：被跟踪的逻辑实体槽位保持一致；到达米色瓷砖会产生透明玻璃破裂和局部散开。不允许任何结果由未声明的外部来源产生。[终止状态] 相同的逻辑实体槽位持续存在且没有重复副本；configuration=scattered_floor_fragments、integrity=fractured_clear_glass、position=beige_tile 在最后几帧保持可见。,global_semantic; stage.completion.negative.0; stage.completion.positive; stage.evolution.negative.0; stage.evolution.positive; stage.onset.negative.0; stage.onset.positive; stage.setup.negative.0; stage.setup.positive; stage.terminal.negative.0; stage.terminal.negative.1; stage.terminal.positive; cfg_negative(空字符串),"setup→c1; onset→c1; evolution→c3; completion→c3; terminal→c4,c5",c3,c2,"c1: {""after"":""clear_fracture"",""before"":""pictured_tile_impact"",""id"":""c1"",""source_refs"":[""origin""],""type"":""precedes""}
c2: {""cause"":""pictured_tile_impact"",""effect"":""clear_fracture"",""id"":""c2"",""source_refs"":[""origin""],""type"":""requires""}
c3: {""effects"":[""pictured_descent"",""clear_fracture"",""tile_scatter""],""id"":""c3"",""relation"":""beige-tile arrival produces clear fracture and local spread"",""source_refs"":[""origin""],""type"":""couples""}
c4: {""facts"":[""integrity=fractured_clear_glass"",""configuration=scattered_floor_fragments""],""id"":""c4"",""source_refs"":[""origin""],""state"":""z1"",""type"":""persists""}
c5: {""facts"":[""integrity=intact_horizontal_bottle"",""integrity=fractured_clear_glass""],""id"":""c5"",""scope"":""same_time"",""source_refs"":[""origin""],""type"":""excludes""}","c1: 前置顺序：pictured_tile_impact 必须先于 clear_fracture。
c2: 因果依赖：clear_fracture 只有在 pictured_tile_impact 之后才能发生。
c3: 耦合约束：pictured_descent, clear_fracture, tile_scatter 必须共同变化；关系为“到达米色瓷砖会产生透明玻璃破裂和局部散开”。
c4: 持续约束：状态 z1 的事实 integrity=fractured_clear_glass, configuration=scattered_floor_fragments 必须维持到最终帧。
c5: 互斥约束：事实 integrity=intact_horizontal_bottle, integrity=fractured_clear_glass 不得在同一时间共存。",grounding.entity_boxes=2个; grounding.protected_boxes=0个; stages[].affected_roles; stages[].support_kind; predicates[].attribute; transitions[].effects[].direction/from/to,"mode=planned; source=plan_boxes_and_tracks; target_provenance={""bottle"":""derived_motion_envelope"",""tile_floor"":""unresolved_static_envelope""}",stages[].positive; stages[].violations[].text; stages[].observable_check; predicates[].observable; events[].observable; source_refs; assumptions; warnings; generation_basis; source_files
P12,continuous,"[ENTITY INVENTORY] The closed scene contains dandelion: exactly 1; seeds: one declared collective group; drift region: one declared collective group. The reference first frame fixes these identities and initial layout. [INITIAL STATE] attachment=densely_attached, seed_position=on_left_head, fullness=full_round_head. [PHYSICAL EVENT] Seeds detach from the full white dandelion at left and drift rightward across the blue-sky background as the head depletes. [PERSISTENT PROTECTION] same yellow-green stem and brown central head; white seed identity remains consistent; blue sky, blurred green field, daylight, focus, and static camera remain unchanged. [CLOSED WORLD] No additional external source, extra copy, unlisted object enters or appears; unoccupied scene regions remain empty. [CONSERVATION] Source loss and result gain stay coupled: tracked logical entity slots remain consistent; rightward white-seed drift accompanies decreasing white head coverage. No result appears from an undeclared external source. [TERMINAL STATE] The same logical entity slots persist without duplicates; attachment=detached, seed_position=rightward_airborne, fullness=sparse_depleted_head remains visible through the final frames.",[实体清单] 封闭场景包含 dandelion：恰好 1 个；seeds：一个已声明的集合组；drift_region：一个已声明的集合组。参考首帧固定这些身份和初始布局。[初始状态] attachment=densely_attached、fullness=full_round_head、seed_position=on_left_head。[物理事件] 种子从左侧饱满的白色蒲公英上脱离，沿蓝天背景向右飘移，同时花头逐渐稀疏。[持续保护] 保持同一黄绿色茎和棕色中央花头；白色种子的身份保持一致；蓝天、虚化绿地、日光、焦点和静止相机保持不变。[封闭世界] 不允许新增外部来源、额外副本、未列出的物体进入或出现；未占用的场景区域保持为空。[守恒] 来源减少与结果增加保持耦合：被跟踪的逻辑实体槽位保持一致；白色种子向右飘移，同时花头的白色覆盖减少。不允许任何结果由未声明的外部来源产生。[终止状态] 相同的逻辑实体槽位持续存在且没有重复副本；attachment=detached、fullness=sparse_depleted_head、seed_position=rightward_airborne 在最后几帧保持可见。,global_semantic; stage.completion.negative.0; stage.completion.positive; stage.evolution.negative.0; stage.evolution.positive; stage.onset.negative.0; stage.onset.positive; stage.setup.negative.0; stage.setup.positive; stage.terminal.negative.0; stage.terminal.negative.1; stage.terminal.positive; cfg_negative(空字符串),"setup→c1; onset→c1; evolution→c2; completion→c2; terminal→c4,c5",c3,无,"c1: {""after"":""blue_sky_drift"",""before"":""pictured_first_detachment"",""id"":""c1"",""source_refs"":[""origin""],""type"":""precedes""}
c2: {""effect"":""white_detach"",""id"":""c2"",""source_refs"":[""origin""],""transition"":""e1"",""type"":""changes""}
c3: {""effects"":[""white_detach"",""blue_sky_drift"",""pictured_depletion""],""id"":""c3"",""relation"":""rightward white-seed drift accompanies decreasing white head coverage"",""source_refs"":[""origin""],""type"":""couples""}
c4: {""facts"":[""attachment=detached"",""fullness=sparse_depleted_head""],""id"":""c4"",""source_refs"":[""origin""],""state"":""z1"",""type"":""persists""}
c5: {""facts"":[""attachment=densely_attached"",""attachment=detached""],""id"":""c5"",""scope"":""same_time"",""source_refs"":[""origin""],""type"":""excludes""}","c1: 前置顺序：pictured_first_detachment 必须先于 blue_sky_drift。
c2: 方向变化：转移 e1 中的效果 white_detach 必须按声明方向发生。
c3: 耦合约束：white_detach, blue_sky_drift, pictured_depletion 必须共同变化；关系为“白色种子向右飘移，同时花头的白色覆盖减少”。
c4: 持续约束：状态 z1 的事实 attachment=detached, fullness=sparse_depleted_head 必须维持到最终帧。
c5: 互斥约束：事实 attachment=densely_attached, attachment=detached 不得在同一时间共存。",grounding.entity_boxes=3个; grounding.protected_boxes=0个; stages[].affected_roles; stages[].support_kind; predicates[].attribute; transitions[].effects[].direction/from/to,"mode=planned; source=plan_boxes_and_tracks; target_provenance={""dandelion"":""unresolved_static_envelope"",""drift_region"":""unresolved_static_envelope"",""seeds"":""derived_motion_envelope""}",stages[].positive; stages[].violations[].text; stages[].observable_check; predicates[].observable; events[].observable; source_refs; assumptions; warnings; generation_basis; source_files
P13,continuous,"[ENTITY INVENTORY] The closed scene contains pitcher: exactly 1; stream: one declared collective group; glass: exactly 1. The reference first frame fixes these identities and initial layout. [INITIAL STATE] source_level=about_half_full, stream_state=absent, sink_level=empty. [PHYSICAL EVENT] The large clear half-filled pitcher at left pours water into the empty clear tumbler at right. [PERSISTENT PROTECTION] same clear handled pitcher and clear straight tumbler; container transparency, gray tabletop, pale background, lighting, and static camera remain unchanged; water does not spill outside the glass. [CLOSED WORLD] No additional external source, extra copy, unlisted object enters or appears; unoccupied scene regions remain empty. [CONSERVATION] Source loss and result gain stay coupled: tracked logical entity slots remain consistent; left waterline falls through clear stream while right waterline rises. No result appears from an undeclared external source. [TERMINAL STATE] The same logical entity slots persist without duplicates; source_level=visibly_lower, stream_state=continuous_clear_stream, sink_level=visibly_higher remains visible through the final frames.",[实体清单] 封闭场景包含 pitcher：恰好 1 个；stream：一个已声明的集合组；glass：恰好 1 个。参考首帧固定这些身份和初始布局。[初始状态] sink_level=empty、source_level=about_half_full、stream_state=absent。[物理事件] 左侧大型透明半满水壶向右侧空透明玻璃杯中倒水。[持续保护] 保持同一透明带柄水壶和透明直筒玻璃杯；容器透明度、灰色桌面、浅色背景、照明和静止相机保持不变；水不溢出玻璃杯。[封闭世界] 不允许新增外部来源、额外副本、未列出的物体进入或出现；未占用的场景区域保持为空。[守恒] 来源减少与结果增加保持耦合：被跟踪的逻辑实体槽位保持一致；左侧水位经透明水流下降，同时右侧水位上升。不允许任何结果由未声明的外部来源产生。[终止状态] 相同的逻辑实体槽位持续存在且没有重复副本；sink_level=visibly_higher、source_level=visibly_lower、stream_state=continuous_clear_stream 在最后几帧保持可见。,global_semantic; stage.completion.negative.0; stage.completion.positive; stage.evolution.negative.0; stage.evolution.positive; stage.onset.negative.0; stage.onset.positive; stage.setup.negative.0; stage.setup.positive; stage.terminal.negative.0; stage.terminal.negative.1; stage.terminal.positive; cfg_negative(空字符串),"setup→c1; onset→c1; evolution→c2; completion→c2; terminal→c4,c5",c3,无,"c1: {""after"":""pictured_sink_rise"",""before"":""pictured_stream_onset"",""id"":""c1"",""source_refs"":[""origin""],""type"":""precedes""}
c2: {""effect"":""pictured_source_fall"",""id"":""c2"",""source_refs"":[""origin""],""transition"":""e1"",""type"":""changes""}
c3: {""effects"":[""pictured_source_fall"",""clear_carrier"",""pictured_sink_rise""],""id"":""c3"",""relation"":""left waterline falls through clear stream while right waterline rises"",""source_refs"":[""origin""],""type"":""couples""}
c4: {""facts"":[""source_level=visibly_lower"",""sink_level=visibly_higher""],""id"":""c4"",""source_refs"":[""origin""],""state"":""z1"",""type"":""persists""}
c5: {""facts"":[""sink_level=empty"",""sink_level=visibly_higher""],""id"":""c5"",""scope"":""same_time"",""source_refs"":[""origin""],""type"":""excludes""}","c1: 前置顺序：pictured_stream_onset 必须先于 pictured_sink_rise。
c2: 方向变化：转移 e1 中的效果 pictured_source_fall 必须按声明方向发生。
c3: 耦合约束：pictured_source_fall, clear_carrier, pictured_sink_rise 必须共同变化；关系为“左侧水位经透明水流下降，同时右侧水位上升”。
c4: 持续约束：状态 z1 的事实 source_level=visibly_lower, sink_level=visibly_higher 必须维持到最终帧。
c5: 互斥约束：事实 sink_level=empty, sink_level=visibly_higher 不得在同一时间共存。",grounding.entity_boxes=2个; grounding.protected_boxes=0个; stages[].affected_roles; stages[].support_kind; predicates[].attribute; transitions[].effects[].direction/from/to,"mode=planned; source=plan_boxes_and_tracks; target_provenance={""glass"":""derived_motion_envelope"",""pitcher"":""derived_motion_envelope""}",stages[].positive; stages[].violations[].text; stages[].observable_check; predicates[].observable; events[].observable; source_refs; assumptions; warnings; generation_basis; source_files
P14,continuous,"[ENTITY INVENTORY] The closed scene contains bottle: one declared collective group; stream: one declared collective group; glass: exactly 1. The reference first frame fixes these identities and initial layout. [INITIAL STATE] source_level=high, stream_state=absent, sink_level=empty. [PHYSICAL EVENT] The tall clear bottle of bright orange juice at left pours into the empty clear tumbler at right. [PERSISTENT PROTECTION] same tall clear bottle, tapered clear tumbler, and bright orange juice; wood tabletop, pale gray background, lighting, and static camera remain unchanged; orange juice does not spill onto the table. [CLOSED WORLD] No additional dropper, external liquid stream, external source, extra copy, hand, person, pipette, tool, unlisted object enters or appears; unoccupied scene regions remain empty. [CONSERVATION] Source loss and result gain stay coupled: tracked logical entity slots remain consistent; left orange level falls through bright stream while right level rises. No result appears from an undeclared external source. [TERMINAL STATE] The same logical entity slots persist without duplicates; source_level=visibly_lower, stream_state=continuous_orange, sink_level=visibly_higher remains visible through the final frames.",[实体清单] 封闭场景包含 bottle：一个已声明的集合组；stream：一个已声明的集合组；glass：恰好 1 个。参考首帧固定这些身份和初始布局。[初始状态] sink_level=empty、source_level=high、stream_state=absent。[物理事件] 左侧装有亮橙色果汁的高透明瓶向右侧空透明玻璃杯中倾倒果汁。[持续保护] 保持同一高透明瓶、锥形透明玻璃杯和亮橙色果汁；木桌面、浅灰背景、照明和静止相机保持不变；橙汁不洒到桌上。[封闭世界] 不允许新增滴管、外部液流、外部来源、额外副本、手、人物、移液管、工具、未列出的物体进入或出现；未占用的场景区域保持为空。[守恒] 来源减少与结果增加保持耦合：被跟踪的逻辑实体槽位保持一致；左侧橙色液位经亮色液流下降，同时右侧液位上升。不允许任何结果由未声明的外部来源产生。[终止状态] 相同的逻辑实体槽位持续存在且没有重复副本；sink_level=visibly_higher、source_level=visibly_lower、stream_state=continuous_orange 在最后几帧保持可见。,global_semantic; stage.completion.negative.0; stage.completion.positive; stage.evolution.negative.0; stage.evolution.positive; stage.onset.negative.0; stage.onset.positive; stage.setup.negative.0; stage.setup.positive; stage.terminal.negative.0; stage.terminal.negative.1; stage.terminal.positive; cfg_negative(空字符串),"setup→c1; onset→c1; evolution→c2; completion→c2; terminal→c4,c5",c3,无,"c1: {""after"":""pictured_glass_rise"",""before"":""pictured_orange_onset"",""id"":""c1"",""source_refs"":[""origin""],""type"":""precedes""}
c2: {""effect"":""pictured_bottle_fall"",""id"":""c2"",""source_refs"":[""origin""],""transition"":""e1"",""type"":""changes""}
c3: {""effects"":[""pictured_bottle_fall"",""pictured_orange_stream"",""pictured_glass_rise""],""id"":""c3"",""relation"":""left orange level falls through bright stream while right level rises"",""source_refs"":[""origin""],""type"":""couples""}
c4: {""facts"":[""source_level=visibly_lower"",""sink_level=visibly_higher""],""id"":""c4"",""source_refs"":[""origin""],""state"":""z1"",""type"":""persists""}
c5: {""facts"":[""sink_level=empty"",""sink_level=visibly_higher""],""id"":""c5"",""scope"":""same_time"",""source_refs"":[""origin""],""type"":""excludes""}","c1: 前置顺序：pictured_orange_onset 必须先于 pictured_glass_rise。
c2: 方向变化：转移 e1 中的效果 pictured_bottle_fall 必须按声明方向发生。
c3: 耦合约束：pictured_bottle_fall, pictured_orange_stream, pictured_glass_rise 必须共同变化；关系为“左侧橙色液位经亮色液流下降，同时右侧液位上升”。
c4: 持续约束：状态 z1 的事实 source_level=visibly_lower, sink_level=visibly_higher 必须维持到最终帧。
c5: 互斥约束：事实 sink_level=empty, sink_level=visibly_higher 不得在同一时间共存。",grounding.entity_boxes=2个; grounding.protected_boxes=0个; stages[].affected_roles; stages[].support_kind; predicates[].attribute; transitions[].effects[].direction/from/to,"mode=planned; source=plan_boxes_and_tracks; target_provenance={""bottle"":""derived_motion_envelope"",""glass"":""unresolved_static_envelope""}",stages[].positive; stages[].violations[].text; stages[].observable_check; predicates[].observable; events[].observable; source_refs; assumptions; warnings; generation_basis; source_files
P15,continuous,"[ENTITY INVENTORY] The closed scene contains cup: one declared collective group; sand stream: one declared collective group; pile region: exactly 1; hand: exactly 1. The reference first frame fixes these identities and initial layout. [INITIAL STATE] source_amount=filled_to_rim, stream_state=absent, pile_size=bare_wood. [PHYSICAL EVENT] The left hand holds the tilted clear cup of pale dry sand while sand pours onto the bare wooden table and forms a cone. [PERSISTENT PROTECTION] same transparent cup and pale dry sand; same visible left hand and its hold on the cup; wood tabletop, gray background, lighting, and static camera remain unchanged; sand stays within the cup-stream-pile corridor. [CLOSED WORLD] No additional external source, extra copy, unlisted object enters or appears; unoccupied scene regions remain empty. [CONSERVATION] Source loss and result gain stay coupled: tracked logical entity slots remain consistent; clear-cup contents decrease through pale stream while table cone grows. No result appears from an undeclared external source. [TERMINAL STATE] The same logical entity slots persist without duplicates; source_amount=nearly_empty, stream_state=continuous_pale_grains, pile_size=grown_cone remains visible through the final frames.",[实体清单] 封闭场景包含 cup：一个已声明的集合组；sand_stream：一个已声明的集合组；pile_region：恰好 1 个；hand：恰好 1 个。参考首帧固定这些身份和初始布局。[初始状态] pile_size=bare_wood、source_amount=filled_to_rim、stream_state=absent。[物理事件] 左手握着倾斜的透明杯，杯中浅色干沙倾倒到裸露木桌上并形成锥形沙堆。[持续保护] 保持同一透明杯和浅色干沙；保持同一只可见左手及其对杯子的握持；木桌面、灰色背景、照明和静止相机保持不变；沙子保持在杯子—沙流—沙堆通道内。[封闭世界] 不允许新增外部来源、额外副本、未列出的物体进入或出现；未占用的场景区域保持为空。[守恒] 来源减少与结果增加保持耦合：被跟踪的逻辑实体槽位保持一致；透明杯中内容物经浅色沙流减少，同时桌面锥形沙堆增大。不允许任何结果由未声明的外部来源产生。[终止状态] 相同的逻辑实体槽位持续存在且没有重复副本；pile_size=grown_cone、source_amount=nearly_empty、stream_state=continuous_pale_grains 在最后几帧保持可见。,global_semantic; stage.completion.negative.0; stage.completion.positive; stage.evolution.negative.0; stage.evolution.positive; stage.onset.negative.0; stage.onset.positive; stage.setup.negative.0; stage.setup.positive; stage.terminal.negative.0; stage.terminal.negative.1; stage.terminal.positive; cfg_negative(空字符串),"setup→c1; onset→c1; evolution→c2; completion→c2; terminal→c4,c5",c3,无,"c1: {""after"":""pictured_cone_grow"",""before"":""pictured_first_grains"",""id"":""c1"",""source_refs"":[""origin""],""type"":""precedes""}
c2: {""effect"":""pictured_cup_empty"",""id"":""c2"",""source_refs"":[""origin""],""transition"":""e1"",""type"":""changes""}
c3: {""effects"":[""pictured_cup_empty"",""pictured_grain_stream"",""pictured_cone_grow""],""id"":""c3"",""relation"":""clear-cup contents decrease through pale stream while table cone grows"",""source_refs"":[""origin""],""type"":""couples""}
c4: {""facts"":[""source_amount=nearly_empty"",""pile_size=grown_cone""],""id"":""c4"",""source_refs"":[""origin""],""state"":""z1"",""type"":""persists""}
c5: {""facts"":[""pile_size=bare_wood"",""pile_size=grown_cone""],""id"":""c5"",""scope"":""same_time"",""source_refs"":[""origin""],""type"":""excludes""}","c1: 前置顺序：pictured_first_grains 必须先于 pictured_cone_grow。
c2: 方向变化：转移 e1 中的效果 pictured_cup_empty 必须按声明方向发生。
c3: 耦合约束：pictured_cup_empty, pictured_grain_stream, pictured_cone_grow 必须共同变化；关系为“透明杯中内容物经浅色沙流减少，同时桌面锥形沙堆增大”。
c4: 持续约束：状态 z1 的事实 source_amount=nearly_empty, pile_size=grown_cone 必须维持到最终帧。
c5: 互斥约束：事实 pile_size=bare_wood, pile_size=grown_cone 不得在同一时间共存。",grounding.entity_boxes=3个; grounding.protected_boxes=1个; stages[].affected_roles; stages[].support_kind; predicates[].attribute; transitions[].effects[].direction/from/to,"mode=planned; source=plan_boxes_and_tracks; target_provenance={""cup"":""unresolved_static_envelope"",""hand"":""unresolved_static_envelope"",""pile_region"":""unresolved_static_envelope""}",stages[].positive; stages[].violations[].text; stages[].observable_check; predicates[].observable; events[].observable; source_refs; assumptions; warnings; generation_basis; source_files
P16,continuous,"[ENTITY INVENTORY] The closed scene contains dye: exactly 1; water: one declared collective group. The reference first frame fixes these identities and initial layout. [INITIAL STATE] dye_position=above_center_surface, colored_area=none, water_state=fully_clear. [PHYSICAL EVENT] The single compact dark-blue drop above the centered water surface enters the clear rectangular glass vessel and spreads outward. [PERSISTENT PROTECTION] same dark-blue dye color; same transparent rectangular glass vessel and horizontal waterline; pale background, tabletop reflection, lighting, centered framing, and static camera remain unchanged; blue color stays inside the vessel. [CLOSED WORLD] No additional external source, extra copy, unlisted object enters or appears; unoccupied scene regions remain empty. [CONSERVATION] Source loss and result gain stay coupled: tracked logical entity slots remain consistent; center entry precedes outward blue growth within clear vessel. No result appears from an undeclared external source. [TERMINAL STATE] The same logical entity slots persist without duplicates; dye_position=inside_water, colored_area=expanded, water_state=locally_blue remains visible through the final frames.",[实体清单] 封闭场景包含 dye：恰好 1 个；water：一个已声明的集合组。参考首帧固定这些身份和初始布局。[初始状态] colored_area=none、dye_position=above_center_surface、water_state=fully_clear。[物理事件] 水面中央上方单个紧实的深蓝色液滴进入透明长方形玻璃容器，并向外扩散。[持续保护] 保持同一深蓝色染料颜色；保持同一透明长方形玻璃容器和水平水线；浅色背景、桌面反射、照明、居中构图和静止相机保持不变；蓝色保持在容器内部。[封闭世界] 不允许新增外部来源、额外副本、未列出的物体进入或出现；未占用的场景区域保持为空。[守恒] 来源减少与结果增加保持耦合：被跟踪的逻辑实体槽位保持一致；中央进入动作先于透明容器内蓝色向外扩张。不允许任何结果由未声明的外部来源产生。[终止状态] 相同的逻辑实体槽位持续存在且没有重复副本；colored_area=expanded、dye_position=inside_water、water_state=locally_blue 在最后几帧保持可见。,global_semantic; stage.completion.negative.0; stage.completion.positive; stage.evolution.negative.0; stage.evolution.positive; stage.onset.negative.0; stage.onset.positive; stage.setup.negative.0; stage.setup.positive; stage.terminal.negative.0; stage.terminal.negative.1; stage.terminal.positive; cfg_negative(空字符串),"setup→c1; onset→c1; evolution→c2; completion→c2; terminal→c4,c5",c3,无,"c1: {""after"":""pictured_blue_expand"",""before"":""pictured_surface_entry"",""id"":""c1"",""source_refs"":[""origin""],""type"":""precedes""}
c2: {""effect"":""pictured_blue_expand"",""id"":""c2"",""source_refs"":[""origin""],""transition"":""e1"",""type"":""changes""}
c3: {""effects"":[""pictured_entry"",""pictured_blue_expand"",""pictured_water_color""],""id"":""c3"",""relation"":""center entry precedes outward blue growth within clear vessel"",""source_refs"":[""origin""],""type"":""couples""}
c4: {""facts"":[""dye_position=inside_water"",""colored_area=expanded"",""water_state=locally_blue""],""id"":""c4"",""source_refs"":[""origin""],""state"":""z1"",""type"":""persists""}
c5: {""facts"":[""water_state=fully_clear"",""water_state=locally_blue""],""id"":""c5"",""scope"":""same_time"",""source_refs"":[""origin""],""type"":""excludes""}","c1: 前置顺序：pictured_surface_entry 必须先于 pictured_blue_expand。
c2: 方向变化：转移 e1 中的效果 pictured_blue_expand 必须按声明方向发生。
c3: 耦合约束：pictured_entry, pictured_blue_expand, pictured_water_color 必须共同变化；关系为“中央进入动作先于透明容器内蓝色向外扩张”。
c4: 持续约束：状态 z1 的事实 dye_position=inside_water, colored_area=expanded, water_state=locally_blue 必须维持到最终帧。
c5: 互斥约束：事实 water_state=fully_clear, water_state=locally_blue 不得在同一时间共存。",grounding.entity_boxes=2个; grounding.protected_boxes=0个; stages[].affected_roles; stages[].support_kind; predicates[].attribute; transitions[].effects[].direction/from/to,"mode=planned; source=plan_boxes_and_tracks; target_provenance={""dye"":""derived_motion_envelope"",""water"":""derived_motion_envelope""}",stages[].positive; stages[].violations[].text; stages[].observable_check; predicates[].observable; events[].observable; source_refs; assumptions; warnings; generation_basis; source_files
P17,multi_transition,"[ENTITY INVENTORY] The closed scene contains hand: exactly 1; sponge: exactly 1; surface: one declared collective group. The reference first frame fixes these identities and initial layout. [INITIAL STATE] hand_state=hovering_above, thickness=full_rectangular. [PHYSICAL EVENT] The open left hand presses the rectangular yellow sponge on the white marble surface, lifts, and the sponge recovers. [PERSISTENT PROTECTION] same left hand skin appearance; same rectangular yellow porous dry sponge; white marble surface, pale background, lighting, side camera, and framing remain unchanged. [CLOSED WORLD] No additional external source, extra copy, unlisted object enters or appears; unoccupied scene regions remain empty. [CONSERVATION] Source loss and result gain stay coupled: tracked logical entity slots remain consistent. No result appears from an undeclared external source. [TERMINAL STATE] The same logical entity slots persist without duplicates; hand_state=lifted_above, thickness=recovered_rectangular remains visible through the final frames.",[实体清单] 封闭场景包含 hand：恰好 1 个；sponge：恰好 1 个；surface：一个已声明的集合组。参考首帧固定这些身份和初始布局。[初始状态] hand_state=hovering_above、thickness=full_rectangular。[物理事件] 张开的左手按压白色大理石表面上的长方形黄色海绵，随后抬起，海绵恢复原状。[持续保护] 保持同一左手皮肤外观；保持同一长方形黄色多孔干海绵；白色大理石表面、浅色背景、照明、侧视相机和构图保持不变。[封闭世界] 不允许新增外部来源、额外副本、未列出的物体进入或出现；未占用的场景区域保持为空。[守恒] 来源减少与结果增加保持耦合：被跟踪的逻辑实体槽位保持一致。不允许任何结果由未声明的外部来源产生。[终止状态] 相同的逻辑实体槽位持续存在且没有重复副本；hand_state=lifted_above、thickness=recovered_rectangular 在最后几帧保持可见。,global_semantic; stage.completion.negative.0; stage.completion.positive; stage.evolution.negative.0; stage.evolution.positive; stage.onset.negative.0; stage.onset.positive; stage.setup.negative.0; stage.setup.positive; stage.terminal.negative.0; stage.terminal.negative.1; stage.terminal.positive; cfg_negative(空字符串),"setup→c1; onset→c1; evolution→c5; completion→c6; terminal→c7,c8",无,"c2,c3,c4","c1: {""after"":""pictured_flatten"",""before"":""pictured_hand_contact"",""id"":""c1"",""source_refs"":[""origin""],""type"":""precedes""}
c2: {""cause"":""pictured_hand_contact"",""effect"":""pictured_flatten"",""id"":""c2"",""source_refs"":[""origin""],""type"":""requires""}
c3: {""after"":""pictured_recover"",""before"":""pictured_release"",""id"":""c3"",""source_refs"":[""origin""],""type"":""precedes""}
c4: {""cause"":""pictured_release"",""effect"":""pictured_recover"",""id"":""c4"",""source_refs"":[""origin""],""type"":""requires""}
c5: {""effect"":""pictured_flatten"",""id"":""c5"",""source_refs"":[""origin""],""transition"":""e1"",""type"":""changes""}
c6: {""effect"":""pictured_recover"",""id"":""c6"",""source_refs"":[""origin""],""transition"":""e2"",""type"":""changes""}
c7: {""facts"":[""hand_state=lifted_above"",""thickness=recovered_rectangular""],""id"":""c7"",""source_refs"":[""origin""],""state"":""z2"",""type"":""persists""}
c8: {""facts"":[""thickness=flat"",""thickness=recovered_rectangular""],""id"":""c8"",""scope"":""same_time"",""source_refs"":[""origin""],""type"":""excludes""}","c1: 前置顺序：pictured_hand_contact 必须先于 pictured_flatten。
c2: 因果依赖：pictured_flatten 只有在 pictured_hand_contact 之后才能发生。
c3: 前置顺序：pictured_release 必须先于 pictured_recover。
c4: 因果依赖：pictured_recover 只有在 pictured_release 之后才能发生。
c5: 方向变化：转移 e1 中的效果 pictured_flatten 必须按声明方向发生。
c6: 方向变化：转移 e2 中的效果 pictured_recover 必须按声明方向发生。
c7: 持续约束：状态 z2 的事实 hand_state=lifted_above, thickness=recovered_rectangular 必须维持到最终帧。
c8: 互斥约束：事实 thickness=flat, thickness=recovered_rectangular 不得在同一时间共存。",grounding.entity_boxes=3个; grounding.protected_boxes=0个; stages[].affected_roles; stages[].support_kind; predicates[].attribute; transitions[].effects[].direction/from/to,"mode=planned; source=plan_boxes_and_tracks; target_provenance={""hand"":""derived_motion_envelope"",""sponge"":""unresolved_static_envelope"",""surface"":""unresolved_static_envelope""}",stages[].positive; stages[].violations[].text; stages[].observable_check; predicates[].observable; events[].observable; source_refs; assumptions; warnings; generation_basis; source_files
P18,triggered,"[ENTITY INVENTORY] The closed scene contains ball: exactly 1; floor: one declared collective group. The reference first frame fixes these identities and initial layout. [INITIAL STATE] height_state=upper_center, motion_state=falling, peak_envelope=initial_gap. [PHYSICAL EVENT] The single red rubber ball drops through the centered vertical corridor onto the smooth gray floor, bounces lower, and rests. [PERSISTENT PROTECTION] same single red rubber sphere; smooth gray floor, pale wall, white baseboard, lighting, centered corridor, and static side camera remain unchanged. [CLOSED WORLD] No additional external source, extra copy, unlisted object enters or appears; unoccupied scene regions remain empty. [CONSERVATION] Source loss and result gain stay coupled: tracked logical entity slots remain consistent; gray-floor contacts yield successively lower red-ball peaks until rest. No result appears from an undeclared external source. [TERMINAL STATE] The same logical entity slots persist without duplicates; height_state=resting_at_floor, motion_state=resting, peak_envelope=decreasing_to_zero remains visible through the final frames.",[实体清单] 封闭场景包含 ball：恰好 1 个；floor：一个已声明的集合组。参考首帧固定这些身份和初始布局。[初始状态] height_state=upper_center、motion_state=falling、peak_envelope=initial_gap。[物理事件] 单个红色橡胶球沿中央竖直通道落到光滑灰色地面，反弹高度逐渐降低，最后静止。[持续保护] 保持同一个红色橡胶球；光滑灰色地面、浅色墙、白色踢脚线、照明、中央通道和静止侧视相机保持不变。[封闭世界] 不允许新增外部来源、额外副本、未列出的物体进入或出现；未占用的场景区域保持为空。[守恒] 来源减少与结果增加保持耦合：被跟踪的逻辑实体槽位保持一致；每次接触灰色地面后红球峰值依次降低，直至静止。不允许任何结果由未声明的外部来源产生。[终止状态] 相同的逻辑实体槽位持续存在且没有重复副本；height_state=resting_at_floor、motion_state=resting、peak_envelope=decreasing_to_zero 在最后几帧保持可见。,global_semantic; stage.completion.negative.0; stage.completion.positive; stage.evolution.negative.0; stage.evolution.positive; stage.onset.negative.0; stage.onset.positive; stage.setup.negative.0; stage.setup.positive; stage.terminal.negative.0; stage.terminal.negative.1; stage.terminal.positive; cfg_negative(空字符串),"setup→c1; onset→c1; evolution→c3; completion→c3; terminal→c4,c5",c3,c2,"c1: {""after"":""pictured_bounce_decay"",""before"":""pictured_first_impact"",""id"":""c1"",""source_refs"":[""origin""],""type"":""precedes""}
c2: {""cause"":""pictured_first_impact"",""effect"":""pictured_bounce_decay"",""id"":""c2"",""source_refs"":[""origin""],""type"":""requires""}
c3: {""effects"":[""pictured_height_finish"",""pictured_bounce_decay"",""pictured_peaks_decay""],""id"":""c3"",""relation"":""gray-floor contacts yield successively lower red-ball peaks until rest"",""source_refs"":[""origin""],""type"":""couples""}
c4: {""facts"":[""height_state=resting_at_floor"",""motion_state=resting"",""peak_envelope=decreasing_to_zero""],""id"":""c4"",""source_refs"":[""origin""],""state"":""z1"",""type"":""persists""}
c5: {""facts"":[""motion_state=bouncing"",""motion_state=resting""],""id"":""c5"",""scope"":""same_time"",""source_refs"":[""origin""],""type"":""excludes""}","c1: 前置顺序：pictured_first_impact 必须先于 pictured_bounce_decay。
c2: 因果依赖：pictured_bounce_decay 只有在 pictured_first_impact 之后才能发生。
c3: 耦合约束：pictured_height_finish, pictured_bounce_decay, pictured_peaks_decay 必须共同变化；关系为“每次接触灰色地面后红球峰值依次降低，直至静止”。
c4: 持续约束：状态 z1 的事实 height_state=resting_at_floor, motion_state=resting, peak_envelope=decreasing_to_zero 必须维持到最终帧。
c5: 互斥约束：事实 motion_state=bouncing, motion_state=resting 不得在同一时间共存。",grounding.entity_boxes=2个; grounding.protected_boxes=0个; stages[].affected_roles; stages[].support_kind; predicates[].attribute; transitions[].effects[].direction/from/to,"mode=planned; source=plan_boxes_and_tracks; target_provenance={""ball"":""unresolved_static_envelope"",""floor"":""unresolved_static_envelope""}",stages[].positive; stages[].violations[].text; stages[].observable_check; predicates[].observable; events[].observable; source_refs; assumptions; warnings; generation_basis; source_files
P19,continuous,"[ENTITY INVENTORY] The closed scene contains paper: exactly 1. The reference first frame fixes these identities and initial layout. [INITIAL STATE] tear_extent=small_top_notch, integrity=one_wide_sheet, separation=connected. [PHYSICAL EVENT] The wide white horizontal sheet tears downward and outward from its single small top-edge notch and separates into two pieces. [PERSISTENT PROTECTION] same plain white paper material and rectangular outer proportions; single centered top-edge notch remains the tear origin; gray background, lighting, frontal camera, and framing remain unchanged; no pulling hands or tools are added. [CLOSED WORLD] No additional external source, extra copy, unlisted object enters or appears; unoccupied scene regions remain empty. [CONSERVATION] Source loss and result gain stay coupled: tracked logical entity slots remain consistent; centered gray slit lengthens as white sides separate. No result appears from an undeclared external source. [TERMINAL STATE] The same logical entity slots persist without duplicates; tear_extent=full_vertical_tear, integrity=two_white_pieces, separation=apart remains visible through the final frames.",[实体清单] 封闭场景包含 paper：恰好 1 个。参考首帧固定这些身份和初始布局。[初始状态] integrity=one_wide_sheet、separation=connected、tear_extent=small_top_notch。[物理事件] 宽大的白色水平纸张从顶部边缘的单个小缺口向下并向外撕裂，分成两片。[持续保护] 保持同一纯白纸张材质和长方形外部比例；顶部边缘中央的单个缺口保持为撕裂起点；灰色背景、照明、正视相机和构图保持不变；不添加拉纸的手或工具。[封闭世界] 不允许新增外部来源、额外副本、未列出的物体进入或出现；未占用的场景区域保持为空。[守恒] 来源减少与结果增加保持耦合：被跟踪的逻辑实体槽位保持一致；中央灰色裂缝延长，同时白色两侧分离。不允许任何结果由未声明的外部来源产生。[终止状态] 相同的逻辑实体槽位持续存在且没有重复副本；integrity=two_white_pieces、separation=apart、tear_extent=full_vertical_tear 在最后几帧保持可见。,global_semantic; stage.completion.negative.0; stage.completion.positive; stage.evolution.negative.0; stage.evolution.positive; stage.onset.negative.0; stage.onset.positive; stage.setup.negative.0; stage.setup.positive; stage.terminal.negative.0; stage.terminal.negative.1; stage.terminal.positive; cfg_negative(空字符串),"setup→c1; onset→c1; evolution→c2; completion→c2; terminal→c4,c5",c3,无,"c1: {""after"":""pictured_sheet_split"",""before"":""pictured_notch_opens"",""id"":""c1"",""source_refs"":[""origin""],""type"":""precedes""}
c2: {""effect"":""pictured_tear_grow"",""id"":""c2"",""source_refs"":[""origin""],""transition"":""e1"",""type"":""changes""}
c3: {""effects"":[""pictured_tear_grow"",""pictured_sheet_split"",""pictured_pieces_apart""],""id"":""c3"",""relation"":""centered gray slit lengthens as white sides separate"",""source_refs"":[""origin""],""type"":""couples""}
c4: {""facts"":[""integrity=two_white_pieces"",""separation=apart""],""id"":""c4"",""source_refs"":[""origin""],""state"":""z1"",""type"":""persists""}
c5: {""facts"":[""integrity=one_wide_sheet"",""integrity=two_white_pieces""],""id"":""c5"",""scope"":""same_time"",""source_refs"":[""origin""],""type"":""excludes""}","c1: 前置顺序：pictured_notch_opens 必须先于 pictured_sheet_split。
c2: 方向变化：转移 e1 中的效果 pictured_tear_grow 必须按声明方向发生。
c3: 耦合约束：pictured_tear_grow, pictured_sheet_split, pictured_pieces_apart 必须共同变化；关系为“中央灰色裂缝延长，同时白色两侧分离”。
c4: 持续约束：状态 z1 的事实 integrity=two_white_pieces, separation=apart 必须维持到最终帧。
c5: 互斥约束：事实 integrity=one_wide_sheet, integrity=two_white_pieces 不得在同一时间共存。",grounding.entity_boxes=1个; grounding.protected_boxes=0个; stages[].affected_roles; stages[].support_kind; predicates[].attribute; transitions[].effects[].direction/from/to,"mode=planned; source=plan_boxes_and_tracks; target_provenance={""paper"":""derived_motion_envelope""}",stages[].positive; stages[].violations[].text; stages[].observable_check; predicates[].observable; events[].observable; source_refs; assumptions; warnings; generation_basis; source_files
P20,continuous,"[ENTITY INVENTORY] The closed scene contains kettle: exactly 1; coffee stream: one declared collective group; cup: exactly 1; campfire: exactly 1. The reference first frame fixes these identities and initial layout. [INITIAL STATE] source_amount=more, stream_state=absent, cup_level=lower. [PHYSICAL EVENT] The stainless kettle at right tilts its left-pointing spout toward the gray cup and pours coffee into it while the campfire at left keeps flickering. [PERSISTENT PROTECTION] same stainless kettle, black handle, lid, and left-pointing spout; same small gray cup below-left of the kettle; campfire, logs, stones, and flames remain in their left-side region; campfire keeps flickering without reacting to the coffee transfer; snowy ground, framing, and daylight remain unchanged; no coffee spills onto the snow or campfire. [CLOSED WORLD] No additional external source, extra copy, unlisted object enters or appears; unoccupied scene regions remain empty. [CONSERVATION] Source loss and result gain stay coupled: tracked logical entity slots remain consistent; visible spout outflow crosses one stream path and raises the dark surface inside the gray cup. No result appears from an undeclared external source. [TERMINAL STATE] The same logical entity slots persist without duplicates; source_amount=less, stream_state=continuous, cup_level=higher remains visible through the final frames.",[实体清单] 封闭场景包含 kettle：恰好 1 个；coffee_stream：一个已声明的集合组；cup：恰好 1 个；campfire：恰好 1 个。参考首帧固定这些身份和初始布局。[初始状态] cup_level=lower、source_amount=more、stream_state=absent。[物理事件] 右侧不锈钢水壶倾斜，使朝左的壶嘴对准灰色杯子并向其中倒入咖啡，同时左侧营火持续闪烁。[持续保护] 保持同一不锈钢水壶、黑色手柄、壶盖和朝左壶嘴；保持水壶左下方同一个小灰杯；营火、木柴、石头和火焰保持在左侧区域；营火持续闪烁且不对咖啡转移作出反应；雪地、构图和日光保持不变；咖啡不洒到雪地或营火上。[封闭世界] 不允许新增外部来源、额外副本、未列出的物体进入或出现；未占用的场景区域保持为空。[守恒] 来源减少与结果增加保持耦合：被跟踪的逻辑实体槽位保持一致；可见壶嘴流出物沿单一液流路径跨过间隙，并抬高灰杯内的深色液面。不允许任何结果由未声明的外部来源产生。[终止状态] 相同的逻辑实体槽位持续存在且没有重复副本；cup_level=higher、source_amount=less、stream_state=continuous 在最后几帧保持可见。,global_semantic; stage.completion.negative.0; stage.completion.positive; stage.evolution.negative.0; stage.evolution.positive; stage.onset.negative.0; stage.onset.positive; stage.setup.negative.0; stage.setup.positive; stage.terminal.negative.0; stage.terminal.negative.1; stage.terminal.positive; cfg_negative(空字符串),"setup→c1; onset→c1; evolution→c2; completion→c3; terminal→c4,c5",c3,无,"c1: {""after"":""pictured_cup_increase"",""before"":""pictured_stream_onset"",""id"":""c1"",""source_refs"":[""origin""],""type"":""precedes""}
c2: {""effect"":""pictured_source_decrease"",""id"":""c2"",""source_refs"":[""origin""],""transition"":""e1"",""type"":""changes""}
c3: {""effects"":[""pictured_source_decrease"",""pictured_stream_form"",""pictured_cup_increase""],""id"":""c3"",""relation"":""visible spout outflow crosses one stream path and raises the dark surface inside the gray cup"",""source_refs"":[""origin"",""reference_input""],""type"":""couples""}
c4: {""facts"":[""source_amount=less"",""cup_level=higher""],""id"":""c4"",""source_refs"":[""origin""],""state"":""z1"",""type"":""persists""}
c5: {""facts"":[""cup_level=lower"",""cup_level=higher""],""id"":""c5"",""scope"":""same_time"",""source_refs"":[""origin""],""type"":""excludes""}","c1: 前置顺序：pictured_stream_onset 必须先于 pictured_cup_increase。
c2: 方向变化：转移 e1 中的效果 pictured_source_decrease 必须按声明方向发生。
c3: 耦合约束：pictured_source_decrease, pictured_stream_form, pictured_cup_increase 必须共同变化；关系为“可见壶嘴流出物沿单一液流路径跨过间隙，并抬高灰杯内的深色液面”。
c4: 持续约束：状态 z1 的事实 source_amount=less, cup_level=higher 必须维持到最终帧。
c5: 互斥约束：事实 cup_level=lower, cup_level=higher 不得在同一时间共存。",grounding.entity_boxes=3个; grounding.protected_boxes=1个; stages[].affected_roles; stages[].support_kind; predicates[].attribute; transitions[].effects[].direction/from/to,"mode=planned; source=plan_boxes_and_tracks; target_provenance={""campfire"":""unresolved_static_envelope"",""cup"":""unresolved_static_envelope"",""kettle"":""unresolved_static_envelope""}",stages[].positive; stages[].violations[].text; stages[].observable_check; predicates[].observable; events[].observable; source_refs; assumptions; warnings; generation_basis; source_files
