run,case,mode,frames,global_chroma_jump,global_chroma_acceleration,raw_local_chroma_change,warped_chroma_change,flow_pixels_at_192
stable100,demo20/P01/i2v/seed42_full.json,i2v,121,0.0002122875303030014,0.00034107192186638713,0.0010224478734016883,0.0011475072065271282,0.13425018796697258
oracle60_100,demo20/P01/i2v/seed42_full.json,i2v,121,0.0005115856765769422,0.000982709345407784,0.0019528585583126793,0.001985342400924613,0.1487710977283617
stable_final,demo20/P01/i2v/seed42_full.json,i2v,121,0.00020841401419602334,0.00033327602432109416,0.0008567884010214281,0.0009246727726955821,0.061776807733501
stable100,demo20/P01/t2v/seed42_full.json,t2v,121,0.0007347965729422867,0.0007955041946843266,0.005610988600528799,0.004003434226615354,1.6158902992804844
oracle60_100,demo20/P01/t2v/seed42_full.json,t2v,121,0.0006503303302451968,0.0009491668897680938,0.0051101175777148455,0.00355115471368966,2.468332933758696
stable_final,demo20/P01/t2v/seed42_full.json,t2v,121,0.00035863046650774777,0.0005853334441781044,0.003530256946881612,0.002271356975931364,1.6078534682591756
stable100,demo20/P02/i2v/seed42_full.json,i2v,121,0.0002587924536783248,0.0003564634534996003,0.0016598995275368604,0.0011024290513887535,0.11108300203147034
oracle60_100,demo20/P02/i2v/seed42_full.json,i2v,121,0.0014106867602095008,0.0012260416988283396,0.003555555740604177,0.0028554317587501524,0.1620657780673355
stable_final,demo20/P02/i2v/seed42_full.json,i2v,121,0.0004877563042100519,0.00047013157745823264,0.0019029182728748613,0.0011905628654252118,0.16464409604668617
stable100,demo20/P02/t2v/seed42_full.json,t2v,121,0.007309481035917997,0.004906849004328251,0.011888246907134695,0.005068238790651473,0.6215406666432197
oracle60_100,demo20/P02/t2v/seed42_full.json,t2v,121,0.014493793249130249,0.014096606522798538,0.030584123111718025,0.015363088898205509,1.454511860013008
stable_final,demo20/P02/t2v/seed42_full.json,t2v,121,0.0015297307400032878,0.000981203163973987,0.007178256332796688,0.0024877196905435995,0.5276073416229338
stable100,demo20/P03/i2v/seed42_full.json,i2v,121,0.00025660922983661294,0.00041278934804722667,0.0009754965273411168,0.0008674146297077338,0.14579152660444378
oracle60_100,demo20/P03/i2v/seed42_full.json,i2v,121,0.0003899622824974358,0.0005918973474763334,0.004826459655305371,0.0035635384178021924,0.5993531413376332
stable_final,demo20/P03/i2v/seed42_full.json,i2v,121,0.0003256679920013994,0.0004445730592124164,0.004165649489732459,0.0032453469505223137,0.9978758990764618
stable100,demo20/P03/t2v/seed42_full.json,t2v,121,0.0022073453292250633,0.0021310069132596254,0.020390214077391042,0.00801626571531718,2.4430106707538166
oracle60_100,demo20/P03/t2v/seed42_full.json,t2v,121,0.011666890233755112,0.010480515658855438,0.04474511815157409,0.02651595726880866,1.9796708315610885
stable_final,demo20/P03/t2v/seed42_full.json,t2v,121,0.015765273943543434,0.01522670965641737,0.04040047954961968,0.02807917689012053,1.4380497949197888
stable100,demo20/P04/i2v/seed42_full.json,i2v,121,0.00023540355323348194,0.0003975366707891226,0.0008246760740197108,0.0008168144362571183,0.06030735993214573
oracle60_100,demo20/P04/i2v/seed42_full.json,i2v,121,0.00024832168128341436,0.00031011569080874324,0.0009714356921904255,0.0008559288718970493,0.07276057098448897
stable_final,demo20/P04/i2v/seed42_full.json,i2v,121,0.00012917518324684352,0.00019384297775104642,0.0006505049643844055,0.0005808202247862936,0.077963143249508
stable100,demo20/P04/t2v/seed42_full.json,t2v,121,0.00032751404796727,0.0005279053002595901,0.0010908511803184714,0.0012316726545880858,0.06547033372335136
oracle60_100,demo20/P04/t2v/seed42_full.json,t2v,121,0.001265502069145441,0.0009108548983931541,0.0021239729081571567,0.002205001489589146,0.051215196835498016
stable_final,demo20/P04/t2v/seed42_full.json,t2v,121,0.0006402551662176847,0.0005484879366122186,0.0022005913541458238,0.0013708346215328979,0.3560201126771669
stable100,demo20/P05/i2v/seed42_full.json,i2v,121,0.0001336207933491096,0.00017151371866930276,0.0006482577617134666,0.0005726636758481618,0.10475952854224792
oracle60_100,demo20/P05/i2v/seed42_full.json,i2v,121,0.00018735372577793896,0.00029899540822952986,0.0009628822910599411,0.0009954366534657311,0.15142394670595724
stable_final,demo20/P05/i2v/seed42_full.json,i2v,121,0.00012314294872339815,0.0001778116711648181,0.0005186279476523244,0.0005451282568780395,0.05610671683680266
stable100,demo20/P05/t2v/seed42_full.json,t2v,121,0.0016965201357379556,0.0022482676431536674,0.003346948102504636,0.002766511307951684,0.199699766212143
oracle60_100,demo20/P05/t2v/seed42_full.json,t2v,121,0.0027877814136445522,0.003294489113613963,0.004468279837359053,0.004149952779698651,0.28256571060822655
stable_final,demo20/P05/t2v/seed42_full.json,t2v,121,0.000280772743280977,0.0003999992331955582,0.001422824749412636,0.0011328212696146997,0.21018863862846046
stable100,demo20/P06/i2v/seed42_full.json,i2v,121,0.0003584209771361202,0.0003054759290535003,0.0021445727213479887,0.0013869991271349136,0.2984819842968136
oracle60_100,demo20/P06/i2v/seed42_full.json,i2v,121,0.00043513363925740123,0.00038336592842824757,0.002267837656715225,0.0016835008774554203,0.3166967074541996
stable_final,demo20/P06/i2v/seed42_full.json,i2v,121,0.0004460495547391474,0.0003464469045866281,0.0019552225746641244,0.0015226891517765276,0.31000064935845634
stable100,demo20/P06/t2v/seed42_full.json,t2v,121,0.0010411025723442435,0.000639480073004961,0.004414526087324096,0.002498365892582418,1.0785774481482804
oracle60_100,demo20/P06/t2v/seed42_full.json,t2v,121,0.0011175231775268912,0.0010341955348849297,0.006756294242222793,0.004778423398480906,0.6720591453214486
stable_final,demo20/P06/t2v/seed42_full.json,t2v,121,0.0014274789718911052,0.0011293224524706602,0.004126383251908313,0.0027972810067391643,0.6004658207142105
stable100,demo20/P07/i2v/seed42_full.json,i2v,121,0.0001876752940006554,0.00024118361761793494,0.0009262411966725874,0.000660834283674679,0.19698911285959184
oracle60_100,demo20/P07/i2v/seed42_full.json,i2v,121,0.00017128932813648134,0.0002535355743020773,0.0011123926986329024,0.0008394811700175827,0.253454550774768
stable_final,demo20/P07/i2v/seed42_full.json,i2v,121,0.00013764019240625203,0.00016204775602091104,0.0007786105348714045,0.0005512695275077324,0.1999555624711017
stable100,demo20/P07/t2v/seed42_full.json,t2v,121,0.00039615854620933533,0.00039339184877462685,0.0014933166066233147,0.0014245130571604629,0.1755803205848982
oracle60_100,demo20/P07/t2v/seed42_full.json,t2v,121,0.0010558568174019456,0.0008728037937544286,0.00280126636789646,0.0022414874988802088,0.2497885086699777
stable_final,demo20/P07/t2v/seed42_full.json,t2v,121,0.0014935822691768408,0.0007133068866096437,0.003532211314692783,0.002075639633161093,0.5369934820802882
stable100,demo20/P08/i2v/seed42_full.json,i2v,121,0.00018535973504185677,0.0002929183538071811,0.0010714640777829724,0.001161955896532163,0.10195922004058958
oracle60_100,demo20/P08/i2v/seed42_full.json,i2v,121,0.00022907023958396167,0.00036433717468753457,0.0009201961862951672,0.0010604500998548853,0.058018974602843325
stable_final,demo20/P08/i2v/seed42_full.json,i2v,121,0.00020812156435567886,0.0003568989341147244,0.0008576366558069519,0.0009988369648150789,0.054767890259002645
stable100,demo20/P08/t2v/seed42_full.json,t2v,121,0.00011685484059853479,0.00017664165352471173,0.001124617233290337,0.0011287413954657191,0.06728376743073265
oracle60_100,demo20/P08/t2v/seed42_full.json,t2v,121,0.00048583242460153997,0.0005852869944646955,0.0023324520356254653,0.0023326894578834375,0.202757512871176
stable_final,demo20/P08/t2v/seed42_full.json,t2v,121,0.0002913678763434291,0.00036501933936960995,0.0020167264291861406,0.002079320746512773,0.30568739121469357
stable100,demo20/P09/i2v/seed42_full.json,i2v,121,0.00030962159507907927,0.00039678291068412364,0.0019144859281368554,0.0017049293232654843,0.12051957858105501
oracle60_100,demo20/P09/i2v/seed42_full.json,i2v,121,0.003107857657596469,0.0036372507456690073,0.004711727617541328,0.004330581739001597,0.13576066360498468
stable_final,demo20/P09/i2v/seed42_full.json,i2v,121,0.0002182072348659858,0.0003027836501132697,0.0008099495685504128,0.0008445407932110053,0.07815450092311949
stable100,demo20/P09/t2v/seed42_full.json,t2v,121,0.01457420364022255,0.017063267529010773,0.023412409981635088,0.019068636446415137,0.6590396469226107
oracle60_100,demo20/P09/t2v/seed42_full.json,t2v,121,0.004788159392774105,0.006775396876037121,0.011636846089580407,0.010505933884996922,0.6148072961717844
stable_final,demo20/P09/t2v/seed42_full.json,t2v,121,0.0035569199826568365,0.0037201044615358114,0.012746769810716312,0.009932419812927643,1.095542356868585
stable100,demo20/P10/i2v/seed42_full.json,i2v,121,0.0002091934293275699,0.0002612803364172578,0.0014608858199305055,0.001424296224771145,0.1824030125979334
oracle60_100,demo20/P10/i2v/seed42_full.json,i2v,121,0.00031176378251984715,0.00031874491833150387,0.0014891580533003435,0.0014368800298446634,0.21458638259985793
stable_final,demo20/P10/i2v/seed42_full.json,i2v,121,0.00023639191931579262,0.0003973830898758024,0.0008771566554059973,0.0008890742262641046,0.18916342235946407
stable100,demo20/P10/t2v/seed42_full.json,t2v,121,0.002207478741183877,0.001158805680461228,0.0034309259955383215,0.0034159673824130246,0.016991776630554036
oracle60_100,demo20/P10/t2v/seed42_full.json,t2v,121,0.019222470000386238,0.026237115263938904,0.02674542128709921,0.023845675910706632,0.4885440758613792
stable_final,demo20/P10/t2v/seed42_full.json,t2v,121,0.0007856309530325234,0.0007072940934449434,0.0044041593394164615,0.0035985128556300576,0.4111037640366703
stable100,demo20/P11/i2v/seed42_full.json,i2v,121,0.00014144145825412124,0.0002448823070153594,0.0007499119681597221,0.000793261550279567,0.13301274010445924
oracle60_100,demo20/P11/i2v/seed42_full.json,i2v,121,0.00019178267393726856,0.0002839173539541662,0.001000264043492886,0.0009768015702623718,0.14589490611106157
stable_final,demo20/P11/i2v/seed42_full.json,i2v,121,0.0001580988900968805,0.0002664679486770183,0.0010114270298799966,0.0009935293254481317,0.17360246488824488
stable100,demo20/P11/t2v/seed42_full.json,t2v,121,0.0001165077046607621,0.00017715166904963553,0.0007578116441436577,0.0007928570769460445,0.23075663358904422
oracle60_100,demo20/P11/t2v/seed42_full.json,t2v,121,0.00012083761976100504,0.0001866370439529419,0.0005621046971403605,0.0005963129093288444,0.08168443922574321
stable_final,demo20/P11/t2v/seed42_full.json,t2v,121,9.605584637029096e-05,0.00016268895706161857,0.0006207239503661792,0.0005370674827039086,0.13847948896388212
stable100,demo20/P12/i2v/seed42_full.json,i2v,121,0.00030217095627449453,0.00043497185106389225,0.001987500550361195,0.0018654780486637415,0.09921490248913566
oracle60_100,demo20/P12/i2v/seed42_full.json,i2v,121,0.0005407756543718278,0.0008959454717114568,0.002737539555285669,0.002379457090864889,0.14098400921405604
stable_final,demo20/P12/i2v/seed42_full.json,i2v,121,0.0002854947524610907,0.0003304801357444376,0.001714645905061237,0.0015937601448968053,0.12980702049875012
stable100,demo20/P12/t2v/seed42_full.json,t2v,121,0.0005414375336840749,0.0007686095195822418,0.0029099568385087577,0.0023343337864692635,0.35379150821827354
oracle60_100,demo20/P12/t2v/seed42_full.json,t2v,121,0.0005917666130699217,0.0006133281858637929,0.004953967543163647,0.0037059897168849904,0.7442938064535459
stable_final,demo20/P12/t2v/seed42_full.json,t2v,121,0.00040728412568569183,0.0006283950060606003,0.003385588675155304,0.002903200326060566,0.5052537457396586
stable100,demo20/P13/i2v/seed42_full.json,i2v,121,0.00012548880476970226,0.00022405410709325224,0.0004897338396403939,0.0005552114518650342,0.0857937818703552
oracle60_100,demo20/P13/i2v/seed42_full.json,i2v,121,0.00021146380458958447,0.00026986905140802264,0.0007254123467040093,0.0007772735210892278,0.0874114817318817
stable_final,demo20/P13/i2v/seed42_full.json,i2v,121,0.00014027554425410926,0.0002406780986348167,0.0006100448714278173,0.0006641375386000921,0.08370443281407157
stable100,demo20/P13/t2v/seed42_full.json,t2v,121,0.0002147246414097026,0.00030241586500778794,0.00265953082513685,0.0026160470471950246,0.4145533773737649
oracle60_100,demo20/P13/t2v/seed42_full.json,t2v,121,0.0019388680811971426,0.0022582397796213627,0.013112399422486003,0.010507960128597916,0.5236484031503399
stable_final,demo20/P13/t2v/seed42_full.json,t2v,121,0.0010398956947028637,0.0011330696288496256,0.007125261969243487,0.005039994705778857,0.6059293074533343
stable100,demo20/P14/i2v/seed42_full.json,i2v,121,0.00041081674862653017,0.0005419878871180117,0.002556082349231777,0.002138558747052836,0.12611223021522164
oracle60_100,demo20/P14/i2v/seed42_full.json,i2v,121,0.004280976019799709,0.006005892064422369,0.006697763248181824,0.0037949546162659924,0.31641830703786883
stable_final,demo20/P14/i2v/seed42_full.json,i2v,121,0.0002609357179608196,0.00037567803519777954,0.0029299849654004597,0.00183283782437987,0.18379650522644322
stable100,demo20/P14/t2v/seed42_full.json,t2v,121,0.0014123094733804464,0.000902617524843663,0.007321941392729059,0.004594706720672548,0.4182673077409466
oracle60_100,demo20/P14/t2v/seed42_full.json,t2v,121,0.001180590596050024,0.0010989757720381021,0.008317109112977051,0.005922564593493007,0.32180641843006014
stable_final,demo20/P14/t2v/seed42_full.json,t2v,121,0.0007142832619138062,0.0008284504874609411,0.006711313927856584,0.0045422964865186564,0.3400871981866658
stable100,demo20/P15/i2v/seed42_full.json,i2v,121,0.00045537669211626053,0.0007881701458245516,0.0030258775911837193,0.002692918087511013,0.3352178590993086
oracle60_100,demo20/P15/i2v/seed42_full.json,i2v,121,0.0003489627852104604,0.0005468328017741442,0.0017137211849330924,0.0016339490379323252,0.16502853613346816
stable_final,demo20/P15/i2v/seed42_full.json,i2v,121,0.00034249472082592547,0.0004494036256801337,0.0018006655681044018,0.0015303852468302162,0.2387460727787887
stable100,demo20/P15/t2v/seed42_full.json,t2v,121,0.0008234799024648964,0.0009744655690155923,0.004957398149902777,0.0044114567223005,0.2699684302012126
oracle60_100,demo20/P15/t2v/seed42_full.json,t2v,121,0.0017198793357238173,0.001711615244857967,0.004921921786929791,0.00439641919413892,0.3762618371595939
stable_final,demo20/P15/t2v/seed42_full.json,t2v,121,0.0003683172690216452,0.0005265410873107612,0.002294729395362083,0.0019774035152901586,0.3521182732656598
stable100,demo20/P16/i2v/seed42_full.json,i2v,121,0.000495570304337889,0.000480909482575953,0.005501651604815075,0.004106388375900375,0.5657330110669136
oracle60_100,demo20/P16/i2v/seed42_full.json,i2v,121,0.0005248572560958564,0.0006207936676219106,0.004973571845524324,0.003600734201609157,0.7678288417557876
stable_final,demo20/P16/i2v/seed42_full.json,i2v,121,0.0005469540483318269,0.0005322335055097938,0.005441274028271437,0.0044617716785675535,0.432720913986365
stable100,demo20/P16/t2v/seed42_full.json,t2v,121,0.0007566670537926257,0.0007124998373910785,0.0071840131631082235,0.00461874475198177,0.24857341291832805
oracle60_100,demo20/P16/t2v/seed42_full.json,t2v,121,0.000613133714068681,0.0005478969542309642,0.002960368225952455,0.0015933186155355846,0.5570177707149317
stable_final,demo20/P16/t2v/seed42_full.json,t2v,121,0.0006386685417965055,0.0006968874949961901,0.0023649402081597753,0.002136634416577484,0.03452755156273876
stable100,demo20/P17/i2v/seed42_full.json,i2v,121,0.001861695316620171,0.0009475434198975563,0.007313856826901125,0.004238682378975985,0.6087703634053468
oracle60_100,demo20/P17/i2v/seed42_full.json,i2v,121,0.012116161175072193,0.016511501744389534,0.01810848685078478,0.014126844022151393,0.9593535026923443
stable_final,demo20/P17/i2v/seed42_full.json,i2v,121,0.0008637724095024168,0.0007264366140589118,0.003909443825493023,0.002697714697084545,0.5760352035363515
stable100,demo20/P17/t2v/seed42_full.json,t2v,121,0.0023829727433621883,0.0019062955398112535,0.011391948683497806,0.0062916797120124105,1.815359440073371
oracle60_100,demo20/P17/t2v/seed42_full.json,t2v,121,0.014550084248185158,0.01844904199242592,0.02412493589508813,0.019051203297567553,1.9489055337554115
stable_final,demo20/P17/t2v/seed42_full.json,t2v,121,0.004091313108801842,0.0038213699590414762,0.013535635048901895,0.00734767753892811,1.1413863968336955
stable100,demo20/P18/i2v/seed42_full.json,i2v,121,7.962885865708813e-05,0.0001143344197771512,0.0004986794100356444,0.00039044154412598195,0.05883114656123022
oracle60_100,demo20/P18/i2v/seed42_full.json,i2v,121,0.00015648776025045663,0.00021473503147717565,0.0006832041412659843,0.0005596830408952277,0.0798668167165791
stable_final,demo20/P18/i2v/seed42_full.json,i2v,121,9.980028698919341e-05,0.00013900701014790684,0.0006168585307023023,0.0004157811667634329,0.08195121351939937
stable100,demo20/P18/t2v/seed42_full.json,t2v,121,0.0005429843440651894,0.0007770388037897646,0.0013854522877712347,0.0009493406034986644,0.11653860102718075
oracle60_100,demo20/P18/t2v/seed42_full.json,t2v,121,0.0070305862464010715,0.006252239923924208,0.011797783223058408,0.008683841972864077,0.8150007085409016
stable_final,demo20/P18/t2v/seed42_full.json,t2v,121,0.0005275839357636869,0.000758282549213618,0.0022081858923532613,0.0014228954353408577,0.17138073302339762
stable100,demo20/P19/i2v/seed42_full.json,i2v,121,0.0002657203876879066,0.0003984574868809432,0.0015627666531751554,0.001307862392180444,0.28803392375508946
oracle60_100,demo20/P19/i2v/seed42_full.json,i2v,121,0.009514540433883667,0.016271410509943962,0.011808635931326231,0.011153536227357107,0.37236506646004275
stable_final,demo20/P19/i2v/seed42_full.json,i2v,121,0.0003181806532666087,0.0003570611879695207,0.002267722580897195,0.0015529423724122656,0.33189211894447607
stable100,demo20/P19/t2v/seed42_full.json,t2v,121,0.00197459664195776,0.0007721979636698961,0.0035837736029255512,0.0025601845015141103,0.19669251813659988
oracle60_100,demo20/P19/t2v/seed42_full.json,t2v,121,0.004384492989629507,0.005357901565730572,0.007065282809586885,0.005620360031025484,0.5015271019248757
stable_final,demo20/P19/t2v/seed42_full.json,t2v,121,0.003419941058382392,0.0028647256549447775,0.0056823250595092155,0.004686848802521126,0.38578931194109223
stable100,demo20/P20/i2v/seed42_full.json,i2v,121,0.0005762454238720238,0.0009439999703317881,0.004885018467515086,0.004280402872245759,0.3984425596892834
oracle60_100,demo20/P20/i2v/seed42_full.json,i2v,121,0.0005615857662633061,0.0008939354447647929,0.005285989473729084,0.004577950054469208,0.42934148808320366
stable_final,demo20/P20/i2v/seed42_full.json,i2v,121,0.00030870040063746274,0.00045769839198328555,0.0024663356996218982,0.0026032534476447228,0.10021708672866225
stable100,demo20/P20/t2v/seed42_full.json,t2v,121,0.0006502433097921312,0.0009519912418909371,0.004135526006575674,0.0037127988995052873,0.24779548427710932
oracle60_100,demo20/P20/t2v/seed42_full.json,t2v,121,0.0011632965179160237,0.001886245678178966,0.010362640710081906,0.008009301801212131,0.6280532855540514
stable_final,demo20/P20/t2v/seed42_full.json,t2v,121,0.0011473154881969094,0.001764779444783926,0.009416710515506566,0.00883350671113779,0.4864850933353106
stable100,reference/reference/i2v/seed42_full.json,i2v,121,0.0011166634503751993,0.0016002417542040348,0.006801084238880624,0.004416435667856907,1.7236350064476331
oracle60_100,reference/reference/i2v/seed42_full.json,i2v,121,0.017351992428302765,0.02080770581960678,0.021502062516325773,0.020523601170862094,0.7424813754235705
stable_final,reference/reference/i2v/seed42_full.json,i2v,121,0.0016606003046035767,0.0020799727644771338,0.005957193822056676,0.004909702167302991,1.2704204678535462
